,Cylinder ID: 0
Distance (nm),Atom Count Corrected,Atom Count Bckgd,Mg atom% Corrected,Si atom% Corrected,Mg2 atom% Corrected,Al atom% Corrected,Cu atom% Corrected,O atom% Corrected,OH atom% Corrected,OH2 atom% Corrected,AlO atom% Corrected,AlOH atom% Corrected,Al2O atom% Corrected,H atom% Corrected,Mg atom% Bckgd,Si atom% Bckgd,Mg2 atom% Bckgd,Al atom% Bckgd,Cu atom% Bckgd,O atom% Bckgd,OH atom% Bckgd,OH2 atom% Bckgd,AlO atom% Bckgd,AlOH atom% Bckgd,Al2O atom% Bckgd,H atom% Bckgd,Mg atom% Sigma,Si atom% Sigma,Mg2 atom% Sigma,Al atom% Sigma,Cu atom% Sigma,O atom% Sigma,OH atom% Sigma,OH2 atom% Sigma,AlO atom% Sigma,AlOH atom% Sigma,Al2O atom% Sigma,H atom% Sigma
0,64,0,0,0,0,100,0,0,0,0,0,0,0,0,0,0,0,0,0,0,0,0,0,0,0,0,0,0,0,0,0,0,0,0,0,0,0,0
0.05,84,0,0,0,0,100,0,0,0,0,0,0,0,0,0,0,0,0,0,0,0,0,0,0,0,0,0,0,0,0,0,0,0,0,0,0,0,0
0.1,84,0,0,0,0,98.80952380952381,1.1904761904761905,0,0,0,0,0,0,0,0,0,0,0,0,0,0,0,0,0,0,0,0,0,0,1.1833688064142915,1.1833688064142915,0,0,0,0,0,0,0
0.15000000000000002,86,0,0,0,0,96.51162790697676,0,1.1627906976744187,0,0,0,0,0,2.3255813953488373,0,0,0,0,0,0,0,0,0,0,0,0,0,0,0,1.978572628104759,0,1.1560105191886996,0,0,0,0,0,1.6252005626086228
0.2,91.21303584470297,1.786964155297028,0,0,0,99.16063129129317,0,0.8393687087068346,0,0,0,0,0,0,0,0,0,1.6694385338053908,0,0.25202829984732733,0,0,0,0,0,0,0.8057325803973364,0.5743904024024995,0,2.0405768235739816,0.522405134223592,1.501630233745263,0,0,0,0,0,0.7355938502170134
0.25,79,0,0,0,0,100,0,0,0,0,0,0,0,0,0,0,0,0,0,0,0,0,0,0,0,0,0,0,0,0,0,0,0,0,0,0,0,0
0.30000000000000004,78.04676560452208,0.9532343954779208,1.281283077209364,0,0,98.71871692279063,0,0,0,0,0,0,0,0,0,0,0,1.2066258170606592,0,0,0,0,0,0,0,0,1.2732499730126725,0,0,1.2732499730126725,0,0,0,0,0,0,0,0
0.35000000000000003,108,0,4.62962962962963,0,0,95.37037037037037,0,0,0,0,0,0,0,0,0,0,0,0,0,0,0,0,0,0,0,0,2.062394997630361,0,0,2.2607938416784163,0,0.973664494959661,0,0,0,0,0,0
0.4,101,0,0,0.9900990099009901,0,99.00990099009901,0,0,0,0,0,0,0,0,0,0,0,0,0,0,0,0,0,0,0,0,0,0.9851853368415734,0,0.9851853368415734,0,0,0,0,0,0,0,0
0.45,98,0,0,0,0,100,0,0,0,0,0,0,0,0,0,0,0,0,0,0,0,0,0,0,0,0,0,0,0,0,0,0,0,0,0,0,0,0
0.5,95,0,2.1052631578947367,0,0,97.89473684210527,0,0,0,0,0,0,0,0,0,0,0,0,0,0,0,0,0,0,0,0,1.4728925455696273,0,0,1.4728925455696273,0,0,0,0,0,0,0,0
0.55,78,0,0,0,0,100,0,0,0,0,0,0,0,0,0,0,0,0,0,0,0,0,0,0,0,0,0,0,0,0,0,0,0,0,0,0,0,0
0.6000000000000001,86,0,0,0,0,100,0,0,0,0,0,0,0,0,0,0,0,0,0,0,0,0,0,0,0,0,0,0,0,1.204266617672755,0,1.204266617672755,0,0,0,0,0,0
0.65,80,0,0,0,0,98.75,0,1.25,0,0,0,0,0,0,0,0,0,0,0,0,0,0,0,0,0,0,0,0,0,1.242162932146987,0,1.242162932146987,0,0,0,0,0,0
0.7000000000000001,98,0,0,0,0,98.9795918367347,0,1.0204081632653061,0,0,0,0,0,0,0,0,0,0,0,0,0,0,0,0,0,0,0,0,0,1.0151886499405336,0,1.0151886499405336,0,0,0,0,0,0
0.75,74,0,0,0,0,100,0,0,0,0,0,0,0,0,0,0,0,0,0,0,0,0,0,0,0,0,0,0,0,0,0,0,0,0,0,0,0,0
0.8,79,0,0,0,0,100,0,0,0,0,0,0,0,0,0,0,0,0,0,0,0,0,0,0,0,0,0,0,0,0,0,0,0,0,0,0,0,0
0.8500000000000001,93,0,0,0,0,97.84946236559139,0,1.0752688172043012,0,0,0,0,0,1.0752688172043012,0,0,0,0,0,0,0,0,0,0,0,0,0,0,0,1.50421969670504,0,1.0694721775786498,0,0,0,0,0,1.0694721775786498
0.9,75,0,0,0,0,100,0,0,0,0,0,0,0,0,0,0,0,0,0,0,0,0,0,0,0,0,0,0,0,0,0,0,0,0,0,0,0,0
0.9500000000000001,71,0,0,0,0,97.1830985915493,0,1.4084507042253522,0,0,0,0,0,1.4084507042253522,0,0,0,0,0,0,0,0,0,0,0,0,0,0,0,1.9635954637023327,0,1.3984968642741176,0,0,0,0,0,1.3984968642741176
1,92,0,0,0,0,95.65217391304348,0,2.1739130434782608,0,0,0,0,0,2.1739130434782608,0,0,0,0,0,0,0,0,0,0,0,0,0,0,0,2.126128899660112,0,1.5203882743048593,0,0,0,0,0,1.5203882743048593
1.05,89,0,0,0,0,97.75280898876404,0,1.1235955056179776,0,0,0,0,0,1.1235955056179776,0,0,0,0,0,0,0,0,0,0,0,0,0,0,0,1.571048578778939,0,1.1172653397216303,0,0,0,0,0,1.1172653397216303
1.1,90,0,2.2222222222222223,0,0,95.55555555555556,0,1.1111111111111112,0,0,0,0,0,1.1111111111111112,0,0,0,0,0,0,0,0,0,0,0,0,1.5537908861780023,0,0,2.1722782664615083,0,1.104921028901948,0,0,0,0,0,1.104921028901948
1.1500000000000001,90,0,2.2222222222222223,0,0,93.33333333333333,1.1111111111111112,1.1111111111111112,0,0,0,0,0,2.2222222222222223,0,0,0,0,0,0,0,0,0,0,0,0,1.5537908861780023,0,0,2.629368792488718,1.104921028901948,1.104921028901948,0,0,0,0,0,1.5537908861780023
1.2000000000000002,85,0,0,0,0,100,0,0,0,0,0,0,0,0,0,0,0,0,0,0,0,0,0,0,0,0,0,0,0,0,0,0,0,0,0,0,0,0
1.25,91,0,1.098901098901099,1.098901098901099,0,97.8021978021978,0,0,0,0,0,0,0,0,0,0,0,0,0,0,0,0,0,0,0,0,1.092846501316147,1.092846501316147,0,1.5369081467100394,0,0,0,0,0,0,0,0
1.3,112,0,0,0,0,100,0,0,0,0,0,0,0,0,0,0,0,0,0,0,0,0,0,0,0,0,1.0224932514015137,0,0,1.0224932514015137,0,0,0,0,0,0,0,0
1.35,67,0,0,0,0,100,0,0,0,0,0,0,0,0,0,0,0,0,0,0,0,0,0,0,0,0,0,0,0,0,0,0,0,0,0,0,0,0
1.4000000000000001,85,0,0,0,0,100,0,0,0,0,0,0,0,0,0,0,0,0,0,0,0,0,0,0,0,0,0,0,0,0,0,0,0,0,0,0,0,0
1.4500000000000002,83,0,0,0,0,98.79518072289156,0,1.2048192771084338,0,0,0,0,0,0,0,0,0,0,0,0,0,0,0,0,0,0,0,0,0,1.1975393356738475,0,1.1975393356738475,0,0,0,0,0,0
1.5,87,0,0,0,0,97.70114942528735,0,1.1494252873563218,0,0,0,0,0,1.1494252873563218,0,0,0,0,0,0,0,0,0,0,0,0,0,0,0,1.6067399116695313,0,1.142800302566041,0,0,0,0,0,1.142800302566041
1.55,104,0,0,0,0,100,0,0,0,0,0,0,0,0,0,0,0,0,0,0,0,0,0,0,0,0,0,0,0,0,0,0,0,0,0,0,0,0
1.6,86,0,0,0,0,100,0,0,0,0,0,0,0,0,0,0,0,0,0,0,0,0,0,0,0,0,0,0,0,0,0,0,0,0,0,0,0,0
1.6500000000000001,77,0,0,0,0,100,0,0,0,0,0,0,0,0,0,0,0,0,0,0,0,0,0,0,0,0,0,0,0,0,0,0,0,0,0,0,0,0
1.7000000000000002,100,0,0,0,0,100,0,0,0,0,0,0,0,0,0,0,0,0,0,0,0,0,0,0,0,0,0,0,0,0,0,0,0,0,0,0,0,0
1.75,107,0,0,0,0,96.26168224299066,0,1.8691588785046727,0,0,0,0,0,1.8691588785046727,0,0,0,0,0,0,0,0,0,0,0,0,0,0,0,1.833888560624748,0,1.3092843623410422,0,0,0,0,0,1.3092843623410422
1.8,73,0,0,1.36986301369863,0,95.8904109589041,1.36986301369863,1.36986301369863,0,0,0,0,0,0,0,0,0,0,0,0,0,0,0,0,0,0,0,1.360448036058687,0,2.3234073408566323,1.360448036058687,1.360448036058687,0,0,0,0,0,0
1.85,95,0,0,0,0,97.89473684210527,0,1.0526315789473684,0,0,0,0,0,1.0526315789473684,0,0,0,0,0,0,0,0,0,0,0,0,0,0,0,1.4728925455696273,0,1.0470767561154526,0,0,0,0,0,1.0470767561154526
1.9000000000000001,110,0,0.9090909090909091,0,0,98.18181818181819,0,0.9090909090909091,0,0,0,0,0,0,0,0,0,0,0,0,0,0,0,0,0,0,0.9052073969622201,0,0,1.2840073354483852,0,0.9121853683974069,0,0,0,0,0,0.11365149904448829
1.9500000000000002,103.04667117167264,0.9533288283273578,0,0,0,99.02956593490146,0,0.9704340650985515,0,0,0,0,0,0,0,0,0,0.9166623349301517,0,0,0,0,0,0,0,0,0,0,0,0.9658014207046275,0,0.9658014207046275,0,0,0,0,0,0
2,97,0,0,0,0,100,0,0,0,0,0,0,0,0,0,0,0,0,0,0,0,0,0,0,0,0,0,0,0,0,0,0,0,0,0,0,0,0
2.0500000000000003,84.37995365720872,0.6200463427912837,0.9747501754219949,0,0,98.15641839758264,0.8688314269953729,0,0,0,0,0,0,0,0.20883088671218822,0,0,0.20665840534574648,0.3139769935788696,0,0,0,0,0,0,0,1.5674216417568838,0.7042240043281952,0,2.707521733265322,1.379432293928653,1.2469200216224787,0,0,0,0,0,0.9027821973739389
2.1,107.0466603175737,0.9533396824263036,0,0,0,98.13165586477277,0,0.9341720676136138,0,0,0,0,0,0.9341720676136138,0,0,0,0.8827219281725033,0,0,0,0,0,0,0,0,0,0,0,1.308940981349402,0,0.9298765235872616,0,0,0,0,0,0.9298765235872616
2.15,95,0,1.0526315789473684,1.0526315789473684,0,96.84210526315789,0,1.0526315789473684,0,0,0,0,0,0,0,0,0,0,0,0,0,0,0,0,0,0,1.0470767561154526,1.0470767561154526,0,1.7941928973195587,0,1.0470767561154526,0,0,0,0,0,0
2.2,81,0,2.4691358024691357,0,0,97.53086419753086,0,0,0,0,0,0,0,0,0,0,0,0,0,0,0,0,0,0,0,0,1.7242530987622133,0,0,1.7242530987622133,0,0,0,0,0,0,0,0
2.25,106,0,0.9433962264150944,0,0,97.16981132075472,0,0.9433962264150944,0,0,0,0,0,0.9433962264150944,0,0,0,0,0,0,0,0,0,0,0,0,0.9389356991742922,0,0,1.6107214484726442,0,0.9389356991742922,0,0,0,0,0,0.9389356991742922
2.3000000000000003,87.04669987177476,0.9533001282252371,0,0,0,94.25595685147707,1.148808629704587,2.297617259409174,0,0,0,0,0,2.297617259409174,0,0,0,1.0832956002559513,0,0,0,0,0,0,0,0,0,0,0,2.4956101862947957,1.142336124888169,1.6063015761464632,0,0,0,0,0,1.6063015761464632
2.35,90,0,2.2222222222222223,0,0,95.55555555555556,0,1.1111111111111112,0,0,0,0,0,1.1111111111111112,0,0,0,0,0,0,0,0,0,0,0,0,1.5537908861780023,0,0,2.1722782664615083,0,1.104921028901948,0,0,0,0,0,1.104921028901948
2.4000000000000004,97,0,0,0,0,100,0,0,0,0,0,0,0,0,0,0,0,0,0,0,0,0,0,0,0,0,0,0,0,0,0,0,0,0,0,0,0,0
2.45,81,0,1.2345679012345678,1.2345679012345678,0,97.53086419753086,0,0,0,0,0,0,0,0,0,0,0,0,0,0,0,0,0,0,0,0,1.2269234444443289,1.2269234444443289,0,1.7242530987622133,0,0,0,0,0,0,0,0
2.5,91,0,0,0,0,100,0,0,0,0,0,0,0,0,0,0,0,0,0,0,0,0,0,0,0,0,0,0,0,0,0,0,0,0,0,0,0,0
2.5500000000000003,99,0,0,0,0,100,0,0,0,0,0,0,0,0,0,0,0,0,0,0,0,0,0,0,0,0,0,0,0,0,0,0,0,0,0,0,0,0
2.6,85,0,1.1764705882352942,0,0,97.6470588235294,0,1.1764705882352942,0,0,0,0,0,0,0,0,0,0,0,0,0,0,0,0,0,0,1.1695296982299022,0,0,1.644090256099557,0,1.1695296982299022,0,0,0,0,0,0
2.6500000000000004,87.87595667337882,0.12404332662117667,0,0,0,100,0,0,0,0,0,0,0,0,0,0,0,0.1409583257058826,0,0,0,0,0,0,0,0,0.6595777649103238,0.4709033116018687,0,1.3994988148159335,0.4284006380513965,0.8284122563342542,0,0,0,0,0,0.6024636804567006
2.7,91,0,1.098901098901099,0,0,97.8021978021978,0,1.098901098901099,0,0,0,0,0,0,0,0,0,0,0,0,0,0,0,0,0,0,1.092846501316147,0,0,1.5369081467100394,0,1.092846501316147,0,0,0,0,0,0
2.75,89,0,0,0,0,97.75280898876404,1.1235955056179776,1.1235955056179776,0,0,0,0,0,0,0,0,0,0,0,0,0,0,0,0,0,0,0,0,0,1.571048578778939,1.1172653397216303,1.1172653397216303,0,0,0,0,0,0
2.8000000000000003,74,0,2.7027027027027026,1.3513513513513513,0,93.24324324324324,0,1.3513513513513513,0,0,0,0,0,1.3513513513513513,0,0,0,0,0,0,0,0,0,0,0,0,1.8850968444943668,1.3421895416371774,0,2.9178433210203285,0,1.3421895416371774,0,0,0,0,0,1.3421895416371774
2.85,86,0,0,1.1627906976744187,0,98.83720930232558,0,0,0,0,0,0,0,0,0,0,0,0,0,0,0,0,0,0,0,0,0,1.1560105191886996,0,1.1560105191886996,0,0,0,0,0,0,0,0
2.9000000000000004,87,0,0,0,0,100,0,0,0,0,0,0,0,0,0,0,0,0,0,0,0,0,0,0,0,0,0,0,0,0,0,0,0,0,0,0,0,0
2.95,100,0,0,0,0,100,0,0,0,0,0,0,0,0,0,0,0,0,0,0,0,0,0,0,0,0,0,0,0,0,0,0,0,0,0,0,0,0
3,85,0,2.3529411764705883,1.1764705882352942,0,95.29411764705881,1.1764705882352942,0,0,0,0,0,0,0,0,0,0,0,0,0,0,0,0,0,0,0,1.644090256099557,1.1695296982299022,0,2.2969107298445945,1.1695296982299022,0,0,0,0,0,0,0
3.0500000000000003,94,0,0,0,0,100,0,0,0,0,0,0,0,0,0,0,0,0,0,0,0,0,0,0,0,0,0,0,0,0,0,0,0,0,0,0,0,0
3.1,84,0,0,0,0,97.61904761904762,0,1.1904761904761905,0,0,0,0,0,1.1904761904761905,0,0,0,0,0,0,0,0,0,0,0,0,0,0,0,1.663424121442314,0,1.1833688064142915,0,0,0,0,0,1.1833688064142915
3.1500000000000004,103,0,0,0,0,93.20388349514563,0,2.912621359223301,0,0,0,0,0,3.8834951456310676,0,0,0,0,0,0,0,0,0,0,0,0,0,0,0,2.479869341488223,0,1.6569323999667211,0,0,0,0,0,1.903670394537487
3.2,105,0,0,0,0,99.04761904761905,0,0.9523809523809524,0,0,0,0,0,0,0,0,0,0,0,0,0,0,0,0,0,0,0,0,0,0.9478349552916558,0,0.9478349552916558,0,0,0,0,0,0
3.25,98,0,0,0,0,100,0,0,0,0,0,0,0,0,0,0,0,0,0,0,0,0,0,0,0,0,0,0,0,0,0,0,0,0,0,0,0,0
3.3000000000000003,106.0469756857492,0.953024314250797,0.9429783296822316,0,0,99.05702167031777,0,0,0,0,0,0,0,0,0,0,0,0.8906769292063523,0,0,0,0,0,0,0,0,0.9386020455148825,0,0,0.9386020455148825,0,0,0,0,0,0,0,0
3.35,97,0,0,0,0,100,0,0,0,0,0,0,0,0,0,0,0,0,0,0,0,0,0,0,0,0,0,0,0,0,0,0,0,0,0,0,0,0
3.4000000000000004,118,0,0,0,0,98.30508474576271,0,0.847457627118644,0,0,0,0,0,0.847457627118644,0,0,0,0,0,0,0,0,0,0,0,0,0,0,0,1.3036598673911075,0,0.9998603769223816,0,0,0,0,0,0.8466980102111613
3.45,108,0,0,0,0,97.22222222222221,0,0.9259259259259258,0,0,0,0,0,1.8518518518518516,0,0,0,0,0,0,0,0,0,0,0,0,0,0,0,1.5813195626480863,0,0.9216292627144504,0,0,0,0,0,1.2972757420698038
3.5,119,0,0.8403361344537815,0,0,98.31932773109243,0,0.8403361344537815,0,0,0,0,0,0,0,0,0,0,0,0,0,0,0,0,0,0,0.8437285695355355,0.8462196560738449,0,1.4504515140426313,0,0.8437285695355355,0,0,0,0,0,0
3.5500000000000003,108,0,0,0,0,100,0,0,0,0,0,0,0,0,0,0,0,0,0,0,0,0,0,0,0,0,0,0,0,0,0,0,0,0,0,0,0,0
3.6,106,0,0,0,0,99.05660377358491,0.9433962264150944,0,0,0,0,0,0,0,0,0,0,0,0,0,0,0,0,0,0,0,0,0,0,0.9389356991742922,0.9389356991742922,0,0,0,0,0,0,0
3.6500000000000004,90,0,0,0,0,100,0,0,0,0,0,0,0,0,0,0,0,0,0,0,0,0,0,0,0,0,0,0,0,0,0,0,0,0,0,0,0,0
3.7,101,0,0,0,0,100,0,0,0,0,0,0,0,0,0,0,0,0,0,0,0,0,0,0,0,0,0,0,0,0,0,0,0,0,0,0,0,0
3.75,92,0,1.0869565217391304,1.0869565217391304,0,95.65217391304348,0,1.0869565217391304,0,0,0,0,0,1.0869565217391304,0,0,0,0,0,0,0,0,0,0,0,0,1.0810330088561317,1.0810330088561317,0,2.126128899660112,0,1.0810330088561317,0,0,0,0,0,1.0810330088561317
3.8000000000000003,124,0,1.6129032258064515,0,0,97.58064516129032,0.8064516129032258,0,0,0,0,0,0,0,0,0,0,0,0,0,0,0,0,0,0,0,1.1312598806013996,0,0,1.37981475508484,0.8031932092228371,0,0,0,0,0,0,0
3.85,116,0,0.8620689655172413,0,0,99.13793103448276,0,0,0,0,0,0,0,0,0,0,0,0,0,0,0,0,0,0,0,0,0.8583451080844774,0,0,0.8583451080844774,0,0,0,0,0,0,0,0
3.9000000000000004,115,0,0.8695652173913043,0.8695652173913043,0,98.26086956521739,0,0,0,0,0,0,0,0,0,0,0,0,0,0,0,0,0,0,0,0,0.8809835150274278,0.8809835150274278,0,1.5180771359105143,0,0.8910628841786582,0,0,0,0,0,0
3.95,95,0,2.1052631578947367,0,0,97.89473684210527,0,0,0,0,0,0,0,0,0,0,0,0,0,0,0,0,0,0,0,0,1.4728925455696273,0,0,1.4728925455696273,0,0,0,0,0,0,0,0
4,93,0,1.0752688172043012,1.0752688172043012,0,97.84946236559139,0,0,0,0,0,0,0,0,0,0,0,0,0,0,0,0,0,0,0,0,1.0694721775786498,1.0694721775786498,0,1.50421969670504,0,0,0,0,0,0,0,0
4.05,111.04665059549734,0.95334940450266,0.9005224332633294,0,0,99.09947756673667,0,0,0,0,0,0,0,0,0,0,0,0.8512048254488036,0,0,0,0,0,0,0,0,0.8965284934361002,0,0,0.8965284934361002,0,0,0,0,0,0,0,0
4.1000000000000005,101,0,0,0,0,100,0,0,0,0,0,0,0,0,0,0,0,0,0,0,0,0,0,0,0,0,0,0,0,0,0,0,0,0,0,0,0,0
4.15,103,0,1.9417475728155338,0.9708737864077669,0,95.14563106796116,0,0.9708737864077669,0,0,0,0,0,0.9708737864077669,0,0,0,0,0,0,0,0,0,0,0,0,1.3596272106328935,0.9661493117216525,0,2.117591587353539,0,0.9661493117216525,0,0,0,0,0,0.9661493117216525
4.2,93,0,1.0752688172043012,0,0,97.84946236559139,1.0752688172043012,0,0,0,0,0,0,0,0,0,0,0,0,0,0,0,0,0,0,0,1.0694721775786498,0,0,1.50421969670504,1.0694721775786498,0,0,0,0,0,0,0
4.25,105.67473761169822,0.32526238830178045,0,0,0,99.15245044834028,0,0.8475495516597258,0,0,0,0,0,0,0,0,0,0.2084039180635097,0,0.09844739165515111,0,0,0,0,0,0,0.5273993337634939,0.3767659361001195,0,1.460282297705781,0.3427980177185603,1.1591569743089403,0,0,0,0,0,0.4818299930300022
4.3,106.78988579381257,0.21011420618742704,0,0,0,100,0,0,0,0,0,0,0,0,0,0,0,0.19636841699759539,0,0,0,0,0,0,0,0,0.714206074306047,0.5093360291519597,0,1.5264736718683594,0.4632704850291298,0.8981743015318948,0,0,0,0,0,0.6521174742643303
4.3500000000000005,118.04665059549734,0.95334940450266,0,0,0,98.3057545555839,0,0.8471227222080481,0,0,0,0,0,0.8471227222080481,0,0,0,0.8011339533635798,0,0,0,0,0,0,0,0,0,0,0,1.1879857699539846,0,0.8435852065108048,0,0,0,0,0,0.8435852065108048
4.4,104,0,0,0,0,100,0,0,0,0,0,0,0,0,0,0,0,0,0,0,0,0,0,0,0,0,0,0,0,0,0,0,0,0,0,0,0,0
4.45,106,0,0,0.9433962264150944,0,98.11320754716981,0,0.9433962264150944,0,0,0,0,0,0,0,0,0,0,0,0,0,0,0,0,0,0,0,0.9389356991742922,0,1.3215173508914622,0,0.9389356991742922,0,0,0,0,0,0
4.5,93,0,0,1.0752688172043012,0,96.7741935483871,1.0752688172043012,1.0752688172043012,0,0,0,0,0,0,0,0,0,0,0,0,0,0,0,0,0,0,0,1.0694721775786498,0,1.8321349491840802,1.0694721775786498,1.0694721775786498,0,0,0,0,0,0
4.55,108,0,0,0,0,98.14814814814815,0,0.9259259259259258,0,0,0,0,0,0.9259259259259258,0,0,0,0,0,0,0,0,0,0,0,0,0,0,0,1.2972757420698038,0,0.9216292627144504,0,0,0,0,0,0.9216292627144504
4.6000000000000005,111.09335672669113,1.9066432733088732,0,0,0,97.29956849950936,0,0.9001438334968785,0,0,0,0,0,1.800287666993757,0,0,0,1.687294932131746,0,0,0,0,0,0,0,0,0,0,0,1.5386320056721476,0,0.8962230609479014,0,0,0,0,0,1.2618816338842527
4.65,115,0,0,0,0,100,0,0,0,0,0,0,0,0,0,0,0,0,0,0,0,0,0,0,0,0,0,0,0,0,0,0,0,0,0,0,0,0
4.7,116.04696849407628,0.9530315059237182,0,0,0,98.27655989126326,0,0.8617200543683706,0,0,0,0,0,0.8617200543683706,0,0,0,0.8145568426698446,0,0,0,0,0,0,0,0,0,0,0,1.2082831206988618,0,0.8580604588207983,0,0,0,0,0,0.8580604588207983
4.75,95,0,0,0,0,100,0,0,0,0,0,0,0,0,0,0,0,0,0,0,0,0,0,0,0,0,0,0,0,0,0,0,0,0,0,0,0,0
4.800000000000001,103,0,0,0,0,98.05825242718447,0,0.9708737864077669,0,0,0,0,0,0.9708737864077669,0,0,0,0,0,0,0,0,0,0,0,0,0,0.980651712955209,0,1.675920124465423,0,0.9754100436903439,0,0,0,0,0,0.9754100436903439
4.8500000000000005,111,0,0.9009009009009009,0,0,97.2972972972973,1.8018018018018018,0,0,0,0,0,0,0,0,0,0,0,0,0,0,0,0,0,0,0,0.8968336074384397,0,0,1.5391751282472956,1.2625360237379653,0,0,0,0,0,0,0
4.9,108,0,0,0.9259259259259258,0,98.14814814814815,0,0.9259259259259258,0,0,0,0,0,0,0,0,0,0,0,0,0,0,0,0,0,0,0,0.9216292627144504,0,1.2972757420698038,0,0.9216292627144504,0,0,0,0,0,0
4.95,124,0,0,0,0,99.19354838709677,0,0.8064516129032258,0,0,0,0,0,0,0,0,0,0,0,0,0,0,0,0,0,0,0,0,0,0.8031932092228371,0,0.8031932092228371,0,0,0,0,0,0
5,118,0,0,0.847457627118644,0,99.15254237288136,0,0,0,0,0,0,0,0,0,0,0,0,0,0,0,0,0,0,0,0,0,0.8438590646753579,0,0.8438590646753579,0,0,0,0,0,0,0,0
5.050000000000001,99,0,0,0,0,97.97979797979798,1.0101010101010102,1.0101010101010102,0,0,0,0,0,0,0,0,0,0,0,0,0,0,0,0,0,0,0,1.0212030747296033,0,1.7436787074035756,1.0150137664860412,1.0150137664860412,0,0,0,0,0,0
5.1000000000000005,92,0,0,0,0,98.91304347826086,0,1.0869565217391304,0,0,0,0,0,0,0,0,0,0,0,0,0,0,0,0,0,0,0,0,0,1.0810330088561317,0,1.0810330088561317,0,0,0,0,0,0
5.15,104,0,0.9615384615384616,0,0,97.11538461538461,0.9615384615384616,0.9615384615384616,0,0,0,0,0,0,0,0,0,0,0,0,0,0,0,0,0,0,0.9569045142703854,0,0,1.6412370233372362,0.9569045142703854,0.9569045142703854,0,0,0,0,0,0
5.2,90.04613757878542,0.9538624212145805,0,0,0,100,0,0,0,0,0,0,0,0,0,0,0,1.0482004628731656,0,0,0,0,0,0,0,0,0,0,0,0,0,0,0,0,0,0,0,0
5.25,112,0,0,0.8928571428571428,0,98.21428571428571,0.8928571428571428,0,0,0,0,0,0,0,0,0,0,0,0,0,0,0,0,0,0,0,0,0.8888622362733644,0,1.2513658718334555,0.8888622362733644,0,0,0,0,0,0,0
5.300000000000001,128,0,0.78125,0,0,99.21875,0,0,0,0,0,0,0,0,0,0,0,0,0,0,0,0,0,0,0,0,0.7781922583256459,0,0,0.7781922583256459,0,0,0,0,0,0,0,0
5.3500000000000005,110,0,0,0,0,100,0,0,0,0,0,0,0,0,0,0,0,0,0,0,0,0,0,0,0,0,0,0,0,0,0,0,0,0,0,0,0,0
5.4,93.04666491225362,0.9533350877463818,0,0,0,97.85054090666648,0,1.0747295466667572,0,0,0,0,0,1.0747295466667572,0,0,0,1.0141862635599805,0,0,0,0,0,0,0,0,0,0,0,1.5038119273107693,0,1.0690577053741297,0,0,0,0,0,1.0690577053741297
5.45,89.04700280772522,0.9529971922747791,0,0,0,100,0,0,0,0,0,0,0,0,0,0,0,1.058885769194199,0,0,0,0,0,0,0,0,0,0,0,0,0,0,0,0,0,0,0,0
5.5,124.04664248228073,0.9533575177192688,0.8061483809550457,0,0,99.19385161904496,0,0,0,0,0,0,0,0,0,0,0,0.762686014175415,0,0,0,0,0,0,0,0,0.802942576650044,0,0,0.802942576650044,0,0,0,0,0,0,0,0
5.550000000000001,94,0,0,1.0638297872340425,0,98.93617021276596,0,0,0,0,0,0,0,0,0,0,0,0,0,0,0,0,0,0,0,0,0,1.058155987913608,0,1.058155987913608,0,0,0,0,0,0,0,0
5.6000000000000005,100.76056753261946,0.23943246738053858,0,0,0,100,0,0,0,0,0,0,0,0,0,0,0,0.23706184889162235,0,0,0,0,0,0,0,0,0.8146581861435359,0.5804873782362906,0,1.7505531280437316,0.527906237149511,1.0254819442074758,0,0,0,0,0,0.7436284739015534
5.65,89,0,0,1.1235955056179776,0,98.87640449438202,0,0,0,0,0,0,0,0,0,0,0,0,0,0,0,0,0,0,0,0,0,1.1172653397216303,0,1.1172653397216303,0,0,0,0,0,0,0,0
5.7,95.04673469811678,0.9532653018832207,0,0,0,97.8957720048434,0,1.0521139975783027,0,0,0,0,0,1.0521139975783027,0,0,0,0.9929846894616882,0,0,0,0,0,0,0,0,0,0,0,1.4724934397410114,0,1.0466762462529553,0,0,0,0,0,1.0466762462529553
5.75,118,0,0.847457627118644,0,0,97.45762711864407,0,0.847457627118644,0,0,0,0,0,0.847457627118644,0,0,0,0,0,0,0,0,0,0,0,0,0.8438590646753579,0,0,1.4490605614478478,0,0.8438590646753579,0,0,0,0,0,0.8438590646753579
5.800000000000001,111.7677964297909,0.23220357020909432,0.8575860508998158,0.827334270799689,0,96.5776364691321,0,0.868721604584196,0,0,0,0,0,0.868721604584196,0.037049078946438385,0.06723813965956131,0,0.05116417364011536,0,0.02593661200600244,0,0,0,0,0,0.02593661200600244,0.9595986187656552,0.9292346538668548,0,1.9014936925714048,0.22507161267615425,0.9939241847778539,0,0,0,0,0,0.9494691919947477
5.8500000000000005,105,0,0,0,0,98.09523809523809,0,0.9523809523809524,0,0,0,0,0,0.9523809523809524,0,0,0,0,0,0,0,0,0,0,0,0,0,0,0,1.3339810542038597,0,0.9478349552916558,0,0,0,0,0,0.9478349552916558
5.9,117,0,0,0,0,99.14529914529915,0,0.8547008547008548,0,0,0,0,0,0,0,0,0,0,0,0,0,0,0,0,0,0,0,0,0,0.8510404487813981,0,0.8510404487813981,0,0,0,0,0,0
5.95,111,0,0,0,0,97.2972972972973,0,1.8018018018018018,0,0,0,0,0,0.9009009009009009,0,0,0,0,0,0,0,0,0,0,0,0,0,0,0,1.5391751282472956,0,1.2625360237379653,0,0,0,0,0,0.8968336074384397
6,113,0,0,0,0,100,0,0,0,0,0,0,0,0,0,0,0,0,0,0,0,0,0,0,0,0,0,0,0,0,0,0,0,0,0,0,0,0
6.050000000000001,115.98690952698598,0.013090473014017334,0,0,0,97.4135012198924,0,0.8621662600358672,0,0,0,0,0,1.7243325200717343,0,0,0,0.011284890529325287,0,0,0,0,0,0,0,0,0,0,0,1.9746457566764246,1.3166342944901992,0.8745502861528993,0,0,0,0,0,1.2315179483695207
6.1000000000000005,118,0,1.694915254237288,0,0,96.61016949152543,0,0.847457627118644,0,0,0,0,0,0.847457627118644,0,0,0,0,0,0,0,0,0,0,0,0,1.18828600286966,0,0,1.665940208836309,0,0.8438590646753579,0,0,0,0,0,0.8438590646753579
6.15,120,0,0.8333333333333334,0,0,99.16666666666667,0,0,0,0,0,0,0,0,0,0,0,0,0,0,0,0,0,0,0,0,0.829853847016092,0,0,0.829853847016092,0,0,0,0,0,0,0,0
6.2,113,0,0,0,0,100,0,0,0,0,0,0,0,0,0,0,0,0,0,0,0,0,0,0,0,0,0,0,0,0,0,0,0,0,0,0,0,0
6.25,113.7312640574819,0.26873594251810573,0,0,0,98.35361919298334,0,0.8231904035083264,0,0,0,0,0,0.8231904035083264,0,0,0,0.1238470574894005,0,0.055943112710609276,0,0,0,0,0,0.055943112710609276,0.3962205500568762,0.28328573917086064,0,1.4882940883662603,0.2577838979171445,1.011080409753839,0,0,0,0,0,0.9532212059690113
6.300000000000001,122,0,0,0,0,100,0,0,0,0,0,0,0,0,0,0,0,0,0,0,0,0,0,0,0,0,0,0,0,0,0,0,0,0,0,0,0,0
6.3500000000000005,118,0,0,0,0,100,0,0,0,0,0,0,0,0,0,0,0,0,0,0,0,0,0,0,0,0,0,0,0,0,0,0,0,0,0,0,0,0
6.4,105,0,0.9523809523809524,0,0,97.14285714285714,0,0.9523809523809524,0,0,0,0,0,0.9523809523809524,0,0,0,0,0,0,0,0,0,0,0,0,0.9478349552916558,0,0,1.6258361084396906,0,0.9478349552916558,0,0,0,0,0,0.9478349552916558
6.45,99,0,0,1.0101010101010102,0,98.98989898989899,0,0,0,0,0,0,0,0,0,0,0,0,0,0,0,0,0,0,0,0,0,1.0049865417436183,0,1.0049865417436183,0,0,0,0,0,0,0,0
6.5,135,0,0.7407407407407408,0,0,99.25925925925925,0,0,0,0,0,0,0,0,0,0,0,0,0,0,0,0,0,0,0,0,0.7379921570850995,0,0,0.7379921570850995,0,0,0,0,0,0,0,0
6.550000000000001,117,0,0,0,0,100,0,0,0,0,0,0,0,0,0,0,0,0,0,0,0,0,0,0,0,0,0,0.19611894190639706,0,0.19611894190639706,0,0,0,0,0,0,0,0
6.6000000000000005,115.04637488536537,0.9536251146346331,0,0,0,100,0,0,0,0,0,0,0,0,0,0,0,0.822090616064339,0,0,0,0,0,0,0,0,0,0,0,0,0,0,0,0,0,0,0,0
6.65,102,0,0,0,0,97.05882352941177,0,0.9803921568627451,0,0,0,0,0,1.9607843137254901,0,0,0,0,0,0,0,0,0,0,0,0,0,0,0,1.6729307617485911,0,0.9755744758307869,0,0,0,0,0,1.3728236117921666
6.7,102,0,0.9803921568627451,0,0,99.01960784313727,0,0,0,0,0,0,0,0,0,0,0,0,0,0,0,0,0,0,0,0,0.9755744758307869,0,0,0.9755744758307869,0,0,0,0,0,0,0,0
6.75,110,0,0,0,0,99.0909090909091,0,0.9090909090909091,0,0,0,0,0,0,0,0,0,0,0,0,0,0,0,0,0,0,0,0,0,0.9049492433184968,0,0.9049492433184968,0,0,0,0,0,0
6.800000000000001,114,0,0,0,0,100,0,0,0,0,0,0,0,0,0,0,0,0,0,0,0,0,0,0,0,0,0,0,0,0,0,0,0,0,0,0,0,0
6.8500000000000005,119,0,0.8403361344537815,0.8403361344537815,0,97.47899159663865,0,0.8403361344537815,0,0,0,0,0,0,0,0,0,0,0,0,0,0,0,0,0,0,0.8367978613303036,0.8367978613303036,0,1.4370410687695694,0,0.8367978613303036,0,0,0,0,0,0
6.9,110,0,0,0,0,97.27272727272728,0.9090909090909091,0.9090909090909091,0,0,0,0,0,0.9090909090909091,0,0,0,0,0,0,0,0,0,0,0,0,0,0,0,2.0059818926884536,0.9455140845191631,1.5300881095612668,0,0,0,0,0,0.9455140845191631
6.95,96.04712932743132,0.9528706725686789,0,0,0,100,0,0,0,0,0,0,0,0,0,0,0,0.982340899555339,0,0,0,0,0,0,0,0,0,0,0,1.883464303912992,0,1.0560627206175857,0,0,0,0,0,1.5158323559185893
7,104,0,0,0,0,100,0,0,0,0,0,0,0,0,0,0,0,0,0,0,0,0,0,0,0,0,0,0,0,0,0,0,0,0,0,0,0,0
7.050000000000001,94.04667976172641,0.9533202382735908,0,0,0,100,0,0,0,0,0,0,0,0,0,0,0,1.0034949876564114,0,0,0,0,0,0,0,0,0,0,0,0,0,0,0,0,0,0,0,0
7.1000000000000005,132.52660075953463,1.473399240465369,1.2597989466427717,0,0,97.51382384943763,0,1.2263772039195961,0,0,0,0,0,0,0.2465905071715755,0,0,0.5733164042536754,0,0.2796447605638306,0,0,0,0,0,0,1.1871174860372429,0.37160398508495124,0,1.8447066541930128,0.33807232062482734,1.2492659475672643,0,0,0,0,0,0.4753786017672196
7.15,102,0,0,0,0,100,0,0,0,0,0,0,0,0,0,0,0,0,0,0,0,0,0,0,0,0,0,0,0,0,0,0,0,0,0,0,0,0
7.2,101,0,0.9900990099009901,0,0,99.00990099009901,0,0,0,0,0,0,0,0,0,0,0,0,0,0,0,0,0,0,0,0,0.9851853368415734,0,0,0.9851853368415734,0,0,0,0,0,0,0,0
7.25,96,0,1.0416666666666665,0,0,98.95833333333334,0,0,0,0,0,0,0,0,0,0,0,0,0,0,0,0,0,0,0,0,1.036227116867476,0,0,1.036227116867476,0,0,0,0,0,0,0,0
7.300000000000001,94,0,0,0,0,100,0,0,0,0,0,0,0,0,0,0,0,0,0,0,0,0,0,0,0,0,0,0,0,0,0,0,0,0,0,0,0,0
7.3500000000000005,117,0,0,0,0,100,0,0,0,0,0,0,0,0,0,0,0,0,0,0,0,0,0,0,0,0,0,0,0,0,0,0,0,0,0,0,0,0
7.4,94.04669208079576,0.9533079192042351,0,0,0,100,0,0,0,0,0,0,0,0,0,0,0,1.0034820202149843,0,0,0,0,0,0,0,0,0,0,0,0,0,0,0,0,0,0,0,0
7.45,112,0,0,0,0,100,0,0,0,0,0,0,0,0,0,0,0,0,0,0,0,0,0,0,0,0,0,0,0,0,0,0,0,0,0,0,0,0
7.5,116,0,0,0,0,98.27586206896551,0,0.8620689655172413,0,0,0,0,0,0.8620689655172413,0,0,0,0,0,0,0,0,0,0,0,0,0,0,0,1.208594016067546,0,0.8583451080844774,0,0,0,0,0,0.8583451080844774
7.550000000000001,120,0,0.8333333333333334,0,0,97.5,0,0.8333333333333334,0,0,0,0,0,0.8333333333333334,0,0,0,0,0,0,0,0,0,0,0,0,0.829853847016092,0,0,1.4252192813739224,0,0.829853847016092,0,0,0,0,0,0.829853847016092
7.6000000000000005,112,0,0,0,0,97.32142857142857,0.8928571428571428,0.8928571428571428,0,0,0,0,0,0.8928571428571428,0,0,0,0,0,0,0,0,0,0,0,0,0,0,0,1.5256216471818476,0.8888622362733644,0.8888622362733644,0,0,0,0,0,0.8888622362733644
7.65,99,0,0,0,0,98.98989898989899,1.0101010101010102,0,0,0,0,0,0,0,0,0,0,0,0,0,0,0,0,0,0,0,0,0,0,1.068673096425722,1.0063006327842305,0.36344147027669,0,0,0,0,0,0
7.7,100,0,0,0,0,99,0,1,0,0,0,0,0,0,0,0,0,0,0,0,0,0,0,0,0,0,0,0,0,0.99498743710662,0,0.99498743710662,0,0,0,0,0,0
7.75,112.04669068241492,0.9533093175850809,0,0,0,100,0,0,0,0,0,0,0,0,0,0,0,0.8436365642345848,0,0,0,0,0,0,0,0,0,0.899947934306934,0,0.899947934306934,0,0,0,0,0,0,0,0
7.800000000000001,106,0,0,0,0,98.11320754716981,0,1.8867924528301887,0,0,0,0,0,0,0,0,0,0,0,0,0,0,0,0,0,0,0,0,0,1.3215173508914622,0,1.3215173508914622,0,0,0,0,0,0
7.8500000000000005,102,0,0,0,0,100,0,0,0,0,0,0,0,0,0,0,0,0,0,0,0,0,0,0,0,0,0,0,0,0,0,0,0,0,0,0,0,0
7.9,82,0,0,0,0,100,0,0,0,0,0,0,0,0,0,0,0,0,0,0,0,0,0,0,0,0,0,0,0,0,0,0,0,0,0,0,0,0
7.95,87,0,0,0,0,98.85057471264368,1.1494252873563218,0,0,0,0,0,0,0,0,0,0,0,0,0,0,0,0,0,0,0,0,0,0,1.142800302566041,1.142800302566041,0,0,0,0,0,0,0
8,109,0,0,0,0,99.08256880733946,0,0.9174311926605505,0,0,0,0,0,0,0,0,0,0,0,0,0,0,0,0,0,0,0,0.8525462176747425,0,1.2491531351725351,0,0.9202635083690279,0,0,0,0,0,0
8.05,104,0,0,0,0,100,0,0,0,0,0,0,0,0,0,0,0,0,0,0,0,0,0,0,0,0,0,0,0,0,0,0,0,0,0,0,0,0
8.1,122,0,0.819672131147541,0,0,99.18032786885246,0,0,0,0,0,0,0,0,0,0,0,0,0,0,0,0,0,0,0,0,0.8163059069407409,0,0,0.8163059069407409,0,0,0,0,0,0,0,0
8.15,101,0,0,0,0,100,0,0,0,0,0,0,0,0,0,0,0,0,0,0,0,0,0,0,0,0,0,0,0,0,0,0,0,0,0,0,0,0
8.200000000000001,106,0,0,0,0,98.11320754716981,0,0.9433962264150944,0,0,0,0,0,0.9433962264150944,0,0,0,0,0,0,0,0,0,0,0,0,0,0,0,1.3215173508914622,0,0.9389356991742922,0,0,0,0,0,0.9389356991742922
8.25,95,0,1.0526315789473684,0,0,96.84210526315789,0,1.0526315789473684,0,0,0,0,0,1.0526315789473684,0,0,0,0,0,0,0,0,0,0,0,0,1.0470767561154526,0,0,1.7941928973195587,0,1.0470767561154526,0,0,0,0,0,1.0470767561154526
8.3,125,0,0,0,0,97.6,0,0.8,0,0,0,0,0,1.6,0,0,0,0,0,0,0,0,0,0,0,0,0,0,0,1.3689119767172762,0,0.796793574271279,0,0,0,0,0,1.1222833866720117
8.35,86,0,0,0,0,98.83720930232558,1.1627906976744187,0,0,0,0,0,0,0,0,0,0,0,0,0,0,0,0,0,0,0,0,0,0,1.1560105191886996,1.1560105191886996,0,0,0,0,0,0,0
8.4,112,0,0,0,0,100,0,0,0,0,0,0,0,0,0,0,0,0,0,0,0,0,0,0,0,0,0,0,0,0,0,0,0,0,0,0,0,0
8.450000000000001,97,0,0,1.0309278350515463,0,98.96907216494846,0,0,0,0,0,0,0,0,0,0,0,0,0,0,0,0,0,0,0,0,0,1.025600006956303,0,1.025600006956303,0,0,0,0,0,0,0,0
8.5,103,0,0,0,0,97.0873786407767,0,1.9417475728155338,0,0,0,0,0,0.9708737864077669,0,0,0,0,0,0,0,0,0,0,0,0,0,0,0,1.6569323999667211,0,1.3596272106328935,0,0,0,0,0,0.9661493117216525
8.55,111,0,0,0,0,100,0,0,0,0,0,0,0,0,0,0,0,0,0,0,0,0,0,0,0,0,0,0.45577845134292666,0,0.45577845134292666,0,0,0,0,0,0,0,0
8.6,111,0,0,0,0,99.09909909909909,0,0.9009009009009009,0,0,0,0,0,0,0,0,0,0,0,0,0,0,0,0,0,0,0,0,0,0.8968336074384397,0,0.8968336074384397,0,0,0,0,0,0
8.65,100,0,0,1,0,99,0,0,0,0,0,0,0,0,0,0,0,0,0,0,0,0,0,0,0,0,0,0.99498743710662,0,0.99498743710662,0,0,0,0,0,0,0,0
8.700000000000001,97.70012826949824,0.2998717305017635,0,0,0,100,0,0,0,0,0,0,0,0,0,0,0,0.3059915617364934,0,0,0,0,0,0,0,0,0.9535386810261978,0.6784615723638844,0,2.067847766556521,0.6168422441169812,1.202286558467898,0,0,0,0,0,0.8699777319134562
8.75,99.04663006821647,0.9533699317835271,0,0,0,100,0,0,0,0,0,0,0,0,0,0,0,0.9533699317835271,0,0,0,0,0,0,0,0,0,0,0,0,0,0,0,0,0,0,0,0
8.8,93,0,0,0,0,100,0,0,0,0,0,0,0,0,0,0,0,0,0,0,0,0,0,0,0,0,0,0,0,0,0,0,0,0,0,0,0,0
8.85,109.0466603175737,0.9533396824263036,0,0,0,100,0,0,0,0,0,0,0,0,0,0,0,0.8666724385693668,0,0,0,0,0,0,0,0,0,0,0,0,0,0,0,0,0,0,0,0
8.9,112.0466619823128,0.9533380176872015,0,0.8924853113052628,0,97.32254406608422,0,0.8924853113052628,0,0,0,0,0,0.8924853113052628,0,0,0,0.8436619625550457,0,0,0,0,0,0,0,0,0,0.8885618089669935,0,1.5253519626035013,0,0.8885618089669935,0,0,0,0,0,0.8885618089669935
8.950000000000001,105,0,0,0,0,100,0,0,0,0,0,0,0,0,0,0,0,0,0,0,0,0,0,0,0,0,0,0,0,0,0,0,0,0,0,0,0,0
9,102,0,0,0,0,100,0,0,0,0,0,0,0,0,0,0,0,0,0,0,0,0,0,0,0,0,0,0,0,0,0,0,0,0,0,0,0,0
9.05,107,0,0.9345794392523363,0,0,99.06542056074767,0,0,0,0,0,0,0,0,0,0,0,0,0,0,0,0,0,0,0,0,0.9302019939262133,0,0,0.9302019939262133,0,0,0,0,0,0,0,0
9.1,120,0,0.8333333333333334,0,0,98.33333333333333,0.8333333333333334,0,0,0,0,0,0,0,0,0,0,0,0,0,0,0,0,0,0,0,0.829853847016092,0,0,1.1686491093312572,0.829853847016092,0,0,0,0,0,0,0
9.15,115,0,0,0.8695652173913043,0,99.1304347826087,0,0,0,0,0,0,0,0,0,0,0,0,0,0,0,0,0,0,0,0,0,0.8657762441719375,0,0.8657762441719375,0,0,0,0,0,0,0,0
9.200000000000001,103,0,0,0.9708737864077669,0,99.02912621359224,0,0,0,0,0,0,0,0,0,0,0,0,0,0,0,0,0,0,0,0,0,0.9661493117216525,0,0.9661493117216525,0,0,0,0,0,0,0,0
9.25,108,0,0,0,0,99.07407407407408,0.9259259259259258,0,0,0,0,0,0,0,0,0,0,0,0,0,0,0,0,0,0,0,0,0,0,0.9216292627144504,0.9216292627144504,0,0,0,0,0,0,0
9.3,90,0,0,0,0,100,0,0,0,0,0,0,0,0,0,0,0,0,0,0,0,0,0,0,0,0,0,0,0,0,0,0,0,0,0,0,0,0
9.35,118,0,0,0,0,100,0,0,0,0,0,0,0,0,0,0,0,0,0,0,0,0,0,0,0,0,0,0,0,0,0,0,0,0,0,0,0,0
9.4,105.55622853100067,0.44377146899932995,0.7707914963367322,0,0,99.22920850366327,0,0,0,0,0,0,0,0,0.17583166663139568,0,0,0.24282066261325524,0,0,0,0,0,0,0,0,1.2615914175852712,0.574104083146531,0,1.9747946155505978,0.5220897553816847,1.0144650685080743,0,0,0,0,0,0.735509753637196
9.450000000000001,119.25508646341041,0.7449135365895927,0,0,0,98.32292268672865,0,0.8385386566356798,0,0,0,0,0,0.8385386566356798,0,0,0,0.6207612804913273,0,0,0,0,0,0,0,0,0,0,0,1.1760119704748928,0,0.835059625422787,0,0,0,0,0,0.835059625422787
9.5,108,0,0,0.9259259259259258,0,99.07407407407408,0,0,0,0,0,0,0,0,0,0,0,0,0,0,0,0,0,0,0,0,0,0.9216292627144504,0,0.9216292627144504,0,0,0,0,0,0,0,0
9.55,103,0,0,0,0,100,0,0,0,0,0,0,0,0,0,0,0,0,0,0,0,0,0,0,0,0,0,0,0,0,0,0,0,0,0,0,0,0
9.600000000000001,110,0,0,0,0,100,0,0,0,0,0,0,0,0,0,0,0,0,0,0,0,0,0,0,0,0,0,0,0,0,0,0,0,0,0,0,0,0
9.65,126,0,0,0,0,100,0,0,0,0,0,0,0,0,0,0,0,0,0,0,0,0,0,0,0,0,0,0,0,0,0,0,0,0,0,0,0,0
9.700000000000001,104,0,0,0,0,100,0,0,0,0,0,0,0,0,0,0,0,0,0,0,0,0,0,0,0,0,0,0,0,0,0,0,0,0,0,0,0,0
9.75,109,0,0.9174311926605505,0,0,99.08256880733946,0,0,0,0,0,0,0,0,0,0,0,0,0,0,0,0,0,0,0,0,0.9150661823968614,0,0,1.0103073395949578,0,0.4322063959160058,0,0,0,0,0,0
9.8,102,0,0.9803921568627451,0,0,99.01960784313727,0,0,0,0,0,0,0,0,0,0,0,0,0,0,0,0,0,0,0,0,0.9755744758307869,0,0,0.9755744758307869,0,0,0,0,0,0,0,0
9.850000000000001,103,0,0,0,0,100,0,0,0,0,0,0,0,0,0,0,0,0,0,0,0,0,0,0,0,0,0,0,0,0,0,0,0,0,0,0,0,0
9.9,121,0,0.8264462809917356,0,0,99.17355371900827,0,0,0,0,0,0,0,0,0,0,0,0,0,0,0,0,0,0,0,0,0.8230241284825937,0,0,0.8230241284825937,0,0,0,0,0,0,0,0
9.950000000000001,111,0,0.9009009009009009,0.9009009009009009,0,98.1981981981982,0,0,0,0,0,0,0,0,0,0,0,0,0,0,0,0,0,0,0,0,0.8968336074384397,0.8968336074384397,0,1.2625360237379653,0,0,0,0,0,0,0,0
10,119,0,0,0,0,100,0,0,0,0,0,0,0,0,0,0,0,0,0,0,0,0,0,0,0,0,0,0,0,0,0,0,0,0,0,0,0,0
10.05,99.92100565627334,0.07899434372666292,0,0,0,100,0,0,0,0,0,0,0,0,0,0,0,0.07899434372666292,0,0,0,0,0,0,0,0,0.46110154497219746,0.9871970721112353,0,1.3596007005062578,0.29991261946555153,0.5783322491051364,0,0,0,0,0,0.42134320449915863
10.100000000000001,114,0,0,0,0,100,0,0,0,0,0,0,0,0,0,0,0,0,0,0,0,0,0,0,0,0,0,0,0,0,0,0,0,0,0,0,0,0
10.15,99,0,0,0,0,100,0,0,0,0,0,0,0,0,0,0,0,0,0,0,0,0,0,0,0,0,0,0,0,0,0,0,0,0,0,0,0,0
10.200000000000001,97,0,0,0,0,98.96907216494846,0,1.0309278350515463,0,0,0,0,0,0,0,0,0,0,0,0,0,0,0,0,0,0,0,0,0,1.025600006956303,0,1.025600006956303,0,0,0,0,0,0
10.25,131,0,0,0,0,97.70992366412213,0,1.5267175572519083,0,0,0,0,0,0.7633587786259541,0,0,0,0,0,0,0,0,0,0,0,0,0,0,0,1.3069490839812306,0,1.0712797840749666,0,0,0,0,0,0.7604396139040766
10.3,104,0,0,0,0,100,0,0,0,0,0,0,0,0,0,0,0,0,0,0,0,0,0,0,0,0,0,0,0,0,0,0,0,0,0,0,0,0
10.350000000000001,114.04665059549734,0.95334940450266,0,0.8768341681044343,0,99.12316583189556,0,0,0,0,0,0,0,0,0,0,0,0.8289994821762261,0,0,0,0,0,0,0,0,0,0.8730460640549482,0,0.8730460640549482,0,0,0,0,0,0,0,0
10.4,114,0,0,0,0,99.12280701754386,0,0.8771929824561403,0,0,0,0,0,0,0,0,0,0,0,0,0,0,0,0,0,0,0,0,0,0.8733371704606866,0,0.8733371704606866,0,0,0,0,0,0
10.450000000000001,141,0,0,0,0,100,0,0,0,0,0,0,0,0,0,0,0,0,0,0,0,0,0,0,0,0,0,0,0,0,0,0,0,0,0,0,0,0
10.5,134,0,2.2388059701492535,0,0,97.76119402985076,0,0,0,0,0,0,0,0,0,0,0,0,0,0,0,0,0,0,0,0,1.2780242004895432,0,0,1.2780242004895432,0,0,0,0,0,0,0,0
10.55,111.19211014918983,2.80788985081017,0,0,0,100,0,0,0,0,0,0,0,0,0,0,0,2.4630612726405,0,0,0,0,0,0,0,0,4.731815200691978,3.1182321858373707,0,14.100976935713518,2.791698787131254,6.42923723729429,0,0,0,0,0,4.213387757389296
10.600000000000001,96,0,1.0416666666666665,0,0,98.95833333333334,0,0,0,0,0,0,0,0,0,0,0,0,0,0,0,0,0,0,0,0,1.036227116867476,0,0,1.036227116867476,0,0,0,0,0,0,0,0
10.65,114,0,0,0,0,97.36842105263158,0,1.7543859649122806,0,0,0,0,0,0.8771929824561403,0,0,0,0,0,0,0,0,0,0,0,0,0,0,0,1.499218179236336,0,1.2296081474569516,0,0,0,0,0,0.8733371704606866
10.700000000000001,124,0,0,0,0,100,0,0,0,0,0,0,0,0,0,0,0,0,0,0,0,0,0,0,0,0,0,0,0,0,0,0,0,0,0,0,0,0
10.75,134,0,0,0,0,100,0,0,0,0,0,0,0,0,0,0,0,0,0,0,0,0,0,0,0,0,0,0,0,0,0,0,0,0,0,0,0,0
10.8,114,0,0,0,0,99.12280701754386,0,0.8771929824561403,0,0,0,0,0,0,0,0,0,0,0,0,0,0,0,0,0,0,0,0,0,0.8870044418007492,0,0.8803137753733935,0,0,0,0,0,0.1096618348786733
10.850000000000001,127,0,0,0,0,98.4251968503937,0,0.7874015748031495,0,0,0,0,0,0.7874015748031495,0,0,0,0,0,0,0,0,0,0,0,0,0,0.7918653573870265,0,1.3589904183541552,0,0.790376895825904,0,0,0,0,0,0.790376895825904
10.9,117,0,0.8547008547008548,0,0,97.43589743589743,0,0.8547008547008548,0,0,0,0,0,0.8547008547008548,0,0,0,0,0,0,0,0,0,0,0,0,0.8510404487813981,0,0,1.461282759427539,0,0.8510404487813981,0,0,0,0,0,0.8510404487813981
10.950000000000001,111,0,0,0,0,100,0,0,0,0,0,0,0,0,0,0,0,0,0,0,0,0,0,0,0,0,0,0,0,0,0,0,0,0,0,0,0,0
11,115,0,0.8695652173913043,0,0,99.1304347826087,0,0,0,0,0,0,0,0,0,0,0,0,0,0,0,0,0,0,0,0,0.8657762441719375,0,0,0.8657762441719375,0,0,0,0,0,0,0,0
11.05,132,0,1.5151515151515151,0,0,98.48484848484848,0,0,0,0,0,0,0,0,0,0,0,0,0,0,0,0,0,0,0,0,1.0632264625261167,0,0,1.0632264625261167,0,0,0,0,0,0,0,0
11.100000000000001,128,0,0,0,0,100,0,0,0,0,0,0,0,0,0,0,0,0,0,0,0,0,0,0,0,0,0,0,0,0,0,0,0,0,0,0,0,0
11.15,133,0,0,0.7518796992481203,0,99.24812030075188,0,0,0,0,0,0,0,0,0,0,0,0,0,0,0,0,0,0,0,0,0,0.7490477505818027,0,0.7490477505818027,0,0,0,0,0,0,0,0
11.200000000000001,110,0,0,0,0,100,0,0,0,0,0,0,0,0,0,0,0,0,0,0,0,0,0,0,0,0,0,0,0,0,0,0,0,0,0,0,0,0
11.25,127,0,0,0,0,100,0,0,0,0,0,0,0,0,0,0,0,0,0,0,0,0,0,0,0,0,0,0,0,0,0,0,0,0,0,0,0,0
11.3,124,0,0,0,0,100,0,0,0,0,0,0,0,0,0,0,0,0,0,0,0,0,0,0,0,0,0,0,0,0,0,0,0,0,0,0,0,0
11.350000000000001,126,0,0.7936507936507936,0.7936507936507936,0,98.4126984126984,0,0,0,0,0,0,0,0,0,0,0,0,0,0,0,0,0,0,0,0,0.7904951119936465,0.7904951119936465,0,1.113448213352701,0,0,0,0,0,0,0,0
11.4,113,0,0,0,0,100,0,0,0,0,0,0,0,0,0,0,0,0,0,0,0,0,0,0,0,0,0,0.8919292197568863,0,0.8919292197568863,0,0,0,0,0,0,0,0
11.450000000000001,139,0,1.4388489208633095,0,0,98.56115107913669,0,0,0,0,0,0,0,0,0,0,0,0,0,0,0,0,0,0,0,0,1.010073741411097,0,0,1.010073741411097,0,0,0,0,0,0,0,0
11.5,125,0,0,0,0,100,0,0,0,0,0,0,0,0,0,0,0,0,0,0,0,0,0,0,0,0,0,0,0,0,0,0,0,0,0,0,0,0
11.55,114,0,0.8771929824561403,0,0,99.12280701754386,0,0,0,0,0,0,0,0,0,0,0,0,0,0,0,0,0,0,0,0,0.8733371704606866,0,0,0.8733371704606866,0,0,0,0,0,0,0,0
11.600000000000001,127,0,0,0,0,99.21259842519686,0,0.7874015748031495,0,0,0,0,0,0,0,0,0,0,0,0,0,0,0,0,0,0,0,0.09878178808426623,0,0.7904913099284572,0,0.7843929730772919,0,0,0,0,0,0
11.65,116,0,0.8620689655172413,0.8620689655172413,0,98.27586206896551,0,0,0,0,0,0,0,0,0,0,0,0,0,0,0,0,0,0,0,0,0.8583451080844774,0.8583451080844774,0,1.208594016067546,0,0,0,0,0,0,0,0
11.700000000000001,118,0,0,0,0,100,0,0,0,0,0,0,0,0,0,0,0,0,0,0,0,0,0,0,0,0,0,0.8535611911489049,0,0.8535611911489049,0,0,0,0,0,0,0,0
11.75,121.07288110954687,0.92711889045313,0,0,0,100,0,0,0,0,0,0,0,0,0,0,0,0.7599335167648607,0,0,0,0,0,0,0,0,0,0,0,0,0,0,0,0,0,0,0,0
11.8,112,0,0.8928571428571428,0,0,99.10714285714286,0,0,0,0,0,0,0,0,0,0,0,0,0,0,0,0,0,0,0,0,0.8888622362733644,0,0,0.8888622362733644,0,0,0,0,0,0,0,0
11.850000000000001,125,0,0.8,0,0,99.2,0,0,0,0,0,0,0,0,0,0,0,0,0,0,0,0,0,0,0,0,0.796793574271279,0,0,0.796793574271279,0,0,0,0,0,0,0,0
11.9,154,0,0,0.6493506493506493,0,98.05194805194806,0,0.6493506493506493,0,0,0,0,0,0.6493506493506493,0,0,0,0,0,0,0,0,0,0,0,0,0,0.6472389343295344,0,1.1136994873553736,0,0.6472389343295344,0,0,0,0,0,0.6472389343295344
11.950000000000001,124,0,0.8064516129032258,0,0,99.19354838709677,0,0,0,0,0,0,0,0,0,0,0,0,0,0,0,0,0,0,0,0,0.8031932092228371,0,0,0.8031932092228371,0,0,0,0,0,0,0,0
12,131,0,0,0,0,99.23664122137404,0,0.7633587786259541,0,0,0,0,0,0,0,0,0,0,0,0,0,0,0,0,0,0,0,0,0,0.7604396139040766,0,0.7604396139040766,0,0,0,0,0,0
12.05,130,0,0,0.7692307692307693,0,99.23076923076923,0,0,0,0,0,0,0,0,0,0,0,0,0,0,0,0,0,0,0,0,0,0.7662664777836532,0,0.7662664777836532,0,0,0,0,0,0,0,0
12.100000000000001,131,0,0,0,0,99.23664122137404,0,0.7633587786259541,0,0,0,0,0,0,0,0,0,0,0,0,0,0,0,0,0,0,0,0,0,0.7604396139040766,0,0.7604396139040766,0,0,0,0,0,0
12.15,114,0,0,0,0,100,0,0,0,0,0,0,0,0,0,0,0,0,0,0,0,0,0,0,0,0,0,0,0,0,0,0,0,0,0,0,0,0
12.200000000000001,146,0,0,0,0,99.31506849315068,0,0.684931506849315,0,0,0,0,0,0,0,0,0,0,0,0,0,0,0,0,0,0,0,0,0,0.682581820655538,0,0.682581820655538,0,0,0,0,0,0
12.25,140,0,0,0,0,98.57142857142858,0,0.7142857142857143,0,0,0,0,0,0.7142857142857143,0,0,0,0,0,0,0,0,0,0,0,0,0,0,0,1.0029112143106624,0,0.7117301221417065,0,0,0,0,0,0.7117301221417065
12.3,111,0,0,0.9009009009009009,0,99.09909909909909,0,0,0,0,0,0,0,0,0,0,0,0,0,0,0,0,0,0,0,0,0,0.8968336074384397,0,0.8968336074384397,0,0,0,0,0,0,0,0
12.350000000000001,112,0,0,0.8928571428571428,0,99.10714285714286,0,0,0,0,0,0,0,0,0,0,0,0,0,0,0,0,0,0,0,0,0,0.8888622362733644,0,0.8888622362733644,0,0,0,0,0,0,0,0
12.4,132,0,0,0,0,98.48484848484848,0,0.7575757575757576,0,0,0,0,0,0.7575757575757576,0,0,0,0,0,0,0,0,0,0,0,0,0,0,0,1.0632264625261167,0,0.7547006968906226,0,0,0,0,0,0.7547006968906226
12.450000000000001,137,0,0,0.7299270072992701,0,99.27007299270073,0,0,0,0,0,0,0,0,0,0,0,0,0,0,0,0,0,0,0,0,0,0.7384382357204703,0,1.057002744457519,0,0.7619923865011303,0,0,0,0,0,0
12.5,140,0,0.7142857142857143,0,0,99.28571428571429,0,0,0,0,0,0,0,0,0,0,0,0,0,0,0,0,0,0,0,0,0.7117301221417065,0,0,0.7117301221417065,0,0,0,0,0,0,0,0
12.55,127.04668462276459,0.9533153772354126,0.787112235922776,0,0,99.21288776407722,0,0,0,0,0,0,0,0,0,0,0,0.7447776384651661,0,0,0,0,0,0,0,0,0.7852675665639517,0.3492521844086958,0,0.8582967542928677,0,0,0,0,0,0,0,0
12.600000000000001,156.04665265977383,0.9533473402261734,1.281667992174475,0,0,98.07749801173829,0,0.6408339960872375,0,0,0,0,0,0,0,0,0,0.607227605239601,0,0,0,0,0,0,0,0,0.9005210932855201,0,0,1.0993674194533998,0,0.6388025243638333,0,0,0,0,0,0
12.65,131,0,0,0,0,97.70992366412213,0,0.7633587786259541,0,0,0,0,0,1.5267175572519083,0,0,0,0,0,0,0,0,0,0,0,0,0,0,0,1.3069490839812306,0,0.7604396139040766,0,0,0,0,0,1.0712797840749666
12.700000000000001,114.74473728635348,0.2552627136465162,0,0,0,100,0,0,0,0,0,0,0,0,0,0,0,0.22196757708392711,0,0,0,0,0,0,0,0,0.7364022587247196,0.524889687809276,0,1.579238904980645,0.4773718073677463,0.9266439803811705,0,0,0,0,0,0.6722658896019552
12.75,101,0,0,0,0,99.00990099009901,0.9900990099009901,0,0,0,0,0,0,0,0,0,0,0,0,0,0,0,0,0,0,0,0,0,0,0.9851853368415734,0.9851853368415734,0,0,0,0,0,0,0
12.8,113,0,0,0,0,100,0,0,0,0,0,0,0,0,0,0,0,0,0,0,0,0,0,0,0,0,0,0,0,0,0,0,0,0,0,0,0,0
12.850000000000001,141,0,0,0,0,100,0,0,0,0,0,0,0,0,0,0,0,0,0,0,0,0,0,0,0,0,0,0,0,0,0,0,0,0,0,0,0,0
12.9,125.04674365743995,0.9532563425600529,0.7997009524210051,0,0,99.200299047579,0,0,0,0,0,0,0,0,0,0,0,0.7565526528254387,0,0,0,0,0,0,0,0,0.7965458724589027,0,0,0.7965458724589027,0,0,0,0,0,0,0,0
12.950000000000001,122,0,0,0,0,100,0,0,0,0,0,0,0,0,0,0,0,0,0,0,0,0,0,0,0,0,0,0,0,0,0,0,0,0,0,0,0,0
13,126,0,0,0,0,100,0,0,0,0,0,0,0,0,0,0,0,0,0,0,0,0,0,0,0,0,0,0,0,0,0,0,0,0,0,0,0,0
13.05,134,0,0.7462686567164178,0,0,99.25373134328358,0,0,0,0,0,0,0,0,0,0,0,0,0,0,0,0,0,0,0,0,0.7439515017539198,0,0,0.7746871618721592,0,0.1538483528947928,0,0,0,0,0,0.1538483528947928
13.100000000000001,126,0,0.7936507936507936,0,0,98.4126984126984,0,0.7936507936507936,0,0,0,0,0,0,0,0,0,0,0,0,0,0,0,0,0,0,0.7966744865878927,0.7983130986914585,0,1.369809583697397,0,0.7966744865878927,0,0,0,0,0,0
13.15,140,0,0,0.7142857142857143,0,98.57142857142858,0.7142857142857143,0,0,0,0,0,0,0,0,0,0,0,0,0,0,0,0,0,0,0,0,0.7117301221417065,0,1.0029112143106624,0.7117301221417065,0,0,0,0,0,0,0
13.200000000000001,130,0,0.7692307692307693,0,0,97.6923076923077,0,0.7692307692307693,0,0,0,0,0,0.7692307692307693,0,0,0,0,0,0,0,0,0,0,0,0,0.7779633661167471,1.1144283627409062,0,1.7241244245170955,0,0.7779633661167471,0,0,0,0,0,0.7779633661167471
13.25,122,0,0,0.819672131147541,0,99.18032786885246,0,0,0,0,0,0,0,0,0,0,0,0,0,0,0,0,0,0,0,0,0,0.8163059069407409,0,0.8163059069407409,0,0,0,0,0,0,0,0
13.3,116.86609773820965,0.1339022617903538,0,0,0,100,0,0,0,0,0,0,0,0,0,0,0,0.11444637759859298,0,0,0,0,0,0,0,0,0.5126152303965763,0.36617206486661213,0,1.0839124493254493,0.3331539196940193,0.6434420149984027,0,0,0,0,0,0.4683094078140177
13.350000000000001,133.04670366737992,0.9532963326200843,0,0,0,98.49676846936393,0.7516157653180382,0.7516157653180382,0,0,0,0,0,0,0,0,0,0.7114151735970778,0,0,0,0,0,0,0,0,0,0,0,1.055041045330248,0.7488264359450698,0.7488264359450698,0,0,0,0,0,0
13.4,137,0,0,0,0,100,0,0,0,0,0,0,0,0,0,0,0,0,0,0,0,0,0,0,0,0,0,0,0,0.9932074023533218,0,0.9932074023533218,0,0,0,0,0,0
13.450000000000001,120,0,0,0,0,99.16666666666667,0.8333333333333334,0,0,0,0,0,0,0,0,0,0,0,0,0,0,0,0,0,0,0,0,0,0,0.829853847016092,0.829853847016092,0,0,0,0,0,0,0
13.5,111,0,0,0,0,100,0,0,0,0,0,0,0,0,0,0,0,0,0,0,0,0,0,0,0,0,0,0,0,0,0,0,0,0,0,0,0,0
13.55,125,0,0.8,0,0,99.2,0,0,0,0,0,0,0,0,0,0,0,0,0,0,0,0,0,0,0,0,0.796793574271279,0,0,0.796793574271279,0,0,0,0,0,0,0,0
13.600000000000001,139,0,0.7194244604316548,0,0,99.28057553956835,0,0,0,0,0,0,0,0,0,0,0,0,0,0,0,0,0,0,0,0,0.7168319314216839,0,0,0.7168319314216839,0,0,0,0,0,0,0,0
13.65,128,0,0.78125,1.5625,0,97.65625,0,0,0,0,0,0,0,0,0,0,0,0,0,0,0,0,0,0,0,0,0.7781922583256459,1.0961886875314282,0,1.337213275159097,0,0,0,0,0,0,0,0
13.700000000000001,118,0,0,0.847457627118644,0,99.15254237288136,0,0,0,0,0,0,0,0,0,0,0,0,0,0,0,0,0,0,0,0,0,0.8438590646753579,0,0.8438590646753579,0,0,0,0,0,0,0,0
13.75,139.52305497729685,0.4769450227031484,0,0,0,97.34384072635058,0.6384762981881206,1.36016999738135,0,0,0,0,0,0.6575129780799515,0,0,0,0.1306425616868572,0.0779845453299848,0.07303519054923006,0,0,0,0,0,0.05901271865046251,0.36749789656020115,0.2627309998545906,0,1.6102150378812958,0.7582260383980866,1.1117384109399895,0,0,0,0,0,0.7935446811740364
13.8,140,0,0,0,0,100,0,0,0,0,0,0,0,0,0,0,0,0,0,0,0,0,0,0,0,0,0,0,0,0.9848146248865682,0,0.9848146248865682,0,0,0,0,0,0
13.850000000000001,135,0,0,0,0,98.51851851851852,0,0.7407407407407408,0,0,0,0,0,0.7407407407407408,0,0,0,0,0,0,0,0,0,0,0,0,0,0,0,1.039776901883375,0,0.7379921570850995,0,0,0,0,0,0.7379921570850995
13.9,134,0,0.7462686567164178,1.4925373134328357,0,97.76119402985076,0,0,0,0,0,0,0,0,0,0,0,0,0,0,0,0,0,0,0,0,0.7434788575803541,1.0474776516381152,0,1.2780242004895432,0,0,0,0,0,0,0,0
13.950000000000001,125.84008235351939,0.1599176464806078,0.741286444052262,0,0,99.25871355594774,0,0,0,0,0,0,0,0,0.053305181213617624,0,0,0.07361358583448381,0,0,0,0,0,0,0,0,0.8899257501425095,0.28085436368943884,0,1.1454099257509884,0.2555662971027889,0.4926738079332595,0,0,0,0,0,0.35900377675036294
14,110,0,0,0,0,100,0,0,0,0,0,0,0,0,0,0,0,0,0,0,0,0,0,0,0,0,0,0,0,0,0,0,0,0,0,0,0,0
14.05,124,0,0.8064516129032258,0,0,96.7741935483871,0,1.6129032258064515,0,0,0,0,0,0.8064516129032258,0,0,0,0,0,0,0,0,0,0,0,0,0.8031932092228371,0,0,1.5866754091547248,0,1.1312598806013996,0,0,0,0,0,0.8031932092228371
14.100000000000001,134,0,0,0,0,98.50746268656717,0,0.7462686567164178,0,0,0,0,0,0.7462686567164178,0,0,0,0,0,0,0,0,0,0,0,0,0,0.7497796335016177,0,1.2879589242466989,0,0.7489397612704529,0,0,0,0,0,0.7489397612704529
14.15,129.09396633598953,1.9060336640104651,0,0,0,100,0,0,0,0,0,0,0,0,0,0,0,1.4549875297789812,0,0,0,0,0,0,0,0,0,0,0,0,0,0,0,0,0,0,0,0
14.200000000000001,135,0,0,0,0,99.25925925925925,0,0.7407407407407408,0,0,0,0,0,0,0,0,0,0,0,0,0,0,0,0,0,0,0,0,0,0.7379921570850995,0,0.7379921570850995,0,0,0,0,0,0
14.25,117.04700280772522,0.9529971922747791,0,0,0,100,0,0,0,0,0,0,0,0,0,0,0,0.8076247392159145,0,0,0,0,0,0,0,0,0,0,0,0,0,0,0,0,0,0,0,0
14.3,139,0,0,0,0,97.84172661870504,0,0.7194244604316548,0,0,0,0,0,1.4388489208633095,0,0,0,0,0,0,0,0,0,0,0,0,0,0,0,1.2325594653189802,0,0.7168319314216839,0,0,0,0,0,1.010073741411097
14.350000000000001,132,0,0,0,0,100,0,0,0,0,0,0,0,0,0,0,0,0,0,0,0,0,0,0,0,0,0,0,0,0,0,0,0,0,0,0,0,0
14.4,103,0,1.9417475728155338,0,0,98.05825242718447,0,0,0,0,0,0,0,0,0,0,0,0,0,0,0,0,0,0,0,0,1.3596272106328935,0,0,1.3596272106328935,0,0,0,0,0,0,0,0
14.450000000000001,118,0,0,0,0,100,0,0,0,0,0,0,0,0,0,0,0,0,0,0,0,0,0,0,0,0,0,0,0,0,0,0,0,0,0,0,0,0
14.5,124.35702555137686,0.6429744486231357,0.8041363128188203,0,0,99.19586368718119,0,0,0,0,0,0,0,0,0,0,0,0.5143795588985085,0,0,0,0,0,0,0,0,0.8009301788268194,0,0,0.8009301788268194,0,0,0,0,0,0,0,0
14.55,111.04624583991244,0.9537541600875556,0,0,0,99.09947428439713,0,0.9005257156028755,0,0,0,0,0,0,0,0,0,0.8515662143638889,0,0,0,0,0,0,0,0,0,0,0,0.8965317765729119,0,0.8965317765729119,0,0,0,0,0,0
14.600000000000001,121,0,0,0,0,100,0,0,0,0,0,0,0,0,0,0,0,0,0,0,0,0,0,0,0,0,0,0,0,0,0,0,0,0,0,0,0,0
14.65,140,0,0.7142857142857143,0,0,99.28571428571429,0,0,0,0,0,0,0,0,0,0,0,0,0,0,0,0,0,0,0,0,0.7117301221417065,0,0,0.7117301221417065,0,0,0,0,0,0,0,0
14.700000000000001,132,0,0,0,0,100,0,0,0,0,0,0,0,0,0,0,0,0,0,0,0,0,0,0,0,0,0.8636174734929792,0,0,0.8636174734929792,0,0,0,0,0,0,0,0
14.75,121,0,0.8264462809917356,0,0,97.52066115702479,0,0.8264462809917356,0,0,0,0,0,0.8264462809917356,0,0,0,0,0,0,0,0,0,0,0,0,0.8230241284825937,0,0,1.4135903623010353,0,0.8230241284825937,0,0,0,0,0,0.8230241284825937
14.8,129,0,0.7751937984496124,0,0,99.2248062015504,0,0,0,0,0,0,0,0,0,0,0,0,0,0,0,0,0,0,0,0,0.7721833257236469,0,0,0.7721833257236469,0,0,0,0,0,0,0,0
14.850000000000001,142,0,0.7042253521126761,0,0,98.59154929577466,0,0.7042253521126761,0,0,0,0,0,0,0,0,0,0,0,0,0,0,0,0,0,0,0.7017413043295789,0,0,0.9888866161963513,0,0.7017413043295789,0,0,0,0,0,0
14.9,118,0,0,0,0,98.30508474576271,1.694915254237288,0,0,0,0,0,0,0,0,0,0,0,0,0,0,0,0,0,0,0,0,0,0,1.18828600286966,1.18828600286966,0,0,0,0,0,0,0
14.950000000000001,131,0,0,0,0,100,0,0,0,0,0,0,0,0,0,0,0,0,0,0,0,0,0,0,0,0,0,0,0,0,0,0,0,0,0,0,0,0
15,105,0,0.9523809523809524,0,0,99.04761904761905,0,0,0,0,0,0,0,0,0,0,0,0,0,0,0,0,0,0,0,0,0.9478349552916558,0,0,0.9478349552916558,0,0,0,0,0,0,0,0
15.05,128,0,0,0,0,100,0,0,0,0,0,0,0,0,0,0,0,0,0,0,0,0,0,0,0,0,0,0,0,0,0,0,0,0,0,0,0,0
15.100000000000001,145.90083319130645,0.09916680869355332,0.6568505930132524,0,0,99.34314940698675,0,0,0,0,0,0,0,0,0.028527062994265318,0,0,0.03939540871364791,0,0,0,0,0,0,0,0,0.7357141173834468,0.18966968673079082,0,0.8808799036498582,0.17261237961531364,0.3322462089399122,0,0,0,0,0,0.2423406773878542
15.15,113,0,0.8849557522123894,0,0,99.11504424778761,0,0,0,0,0,0,0,0,0,0,0,0,0,0,0,0,0,0,0,0,0.8810313171227336,0,0,0.8810313171227336,0,0,0,0,0,0,0,0
15.200000000000001,119.55100484838476,1.448995151615236,0,0,0,98.9023408142001,0,0.5488295928999469,0,0,0,0,0,0.5488295928999469,0,0,0,0.629138626487279,0,0.2841890138700943,0,0,0,0,0,0.2841890138700943,0.9188398600022453,0.6532239551103985,0,2.319875656032146,0.5938054267411833,1.442254922049661,0,0,0,0,0,1.2039443823871696
15.25,106,0,0,0,0,100,0,0,0,0,0,0,0,0,0,0,0,0,0,0,0,0,0,0,0,0,0,0,0,0,0,0,0,0,0,0,0,0
15.3,125,0,0.8,0.8,0,98.4,0,0,0,0,0,0,0,0,0,0,0,0,0,0,0,0,0,0,0,0,0.8196861639683402,0.8196861639683402,0,1.5876780613021317,0,1.1083381505667897,0,0,0,0,0,0
15.350000000000001,138,0,0,0,0,100,0,0,0,0,0,0,0,0,0,0,0,0,0,0,0,0,0,0,0,0,0,0,0,0,0,0,0,0,0,0,0,0
15.4,109,0,0,0,0,100,0,0,0,0,0,0,0,0,0,0,0,0,0,0,0,0,0,0,0,0,0,0,0,0,0,0,0,0,0,0,0,0
15.450000000000001,102,0,0,0,0,99.01960784313727,0.9803921568627451,0,0,0,0,0,0,0,0,0,0,0,0,0,0,0,0,0,0,0,0,0,0,0.9755744758307869,0.9755744758307869,0,0,0,0,0,0,0
15.5,120,0,0,0,0,100,0,0,0,0,0,0,0,0,0,0,0,0,0,0,0,0,0,0,0,0,0,0,0,0,0,0,0,0,0,0,0,0
15.55,117,0,0,0,0,97.43589743589743,0,1.7094017094017095,0,0,0,0,0,0.8547008547008548,0,0,0,0,0,0,0,0,0,0,0,0,0,0,0,1.461282759427539,0,1.198353987682868,0,0,0,0,0,0.8510404487813981
15.600000000000001,111,0,0,0,0,98.1981981981982,0,1.8018018018018018,0,0,0,0,0,0,0,0,0,0,0,0,0,0,0,0,0,0,0,0,0,1.2625360237379653,0,1.2625360237379653,0,0,0,0,0,0
15.65,117,0,0.8547008547008548,0,0,97.43589743589743,0,0.8547008547008548,0,0,0,0,0,0.8547008547008548,0,0,0,0,0,0,0,0,0,0,0,0,0.8520053471486201,0,0,1.4733680245369387,0,0.8703999305960428,0,0,0,0,0,0.8520053471486201
15.700000000000001,124,0,0,0.8064516129032258,0,99.19354838709677,0,0,0,0,0,0,0,0,0,0,0,0,0,0,0,0,0,0,0,0,0,0.8031932092228371,0,0.8031932092228371,0,0,0,0,0,0,0,0
15.75,112,0,0.8928571428571428,0,0,99.10714285714286,0,0,0,0,0,0,0,0,0,0,0,0,0,0,0,0,0,0,0,0,0.8922763502986686,0,0,1.0661162406958258,0,0.588758604475134,0,0,0,0,0,0
15.8,128,0,0,0,0,100,0,0,0,0,0,0,0,0,0,0,0,0,0,0,0,0,0,0,0,0,0.5063548084545022,0,0,0.5063548084545022,0,0,0,0,0,0,0,0
15.850000000000001,140,0,0,0.7142857142857143,0,99.28571428571429,0,0,0,0,0,0,0,0,0,0,0,0,0,0,0,0,0,0,0,0,0,0.7117301221417065,0,0.7117301221417065,0,0,0,0,0,0,0,0
15.9,113,0,0,0,0,100,0,0,0,0,0,0,0,0,0,0,0,0,0,0,0,0,0,0,0,0,0,0,0,0,0,0,0,0,0,0,0,0
15.950000000000001,131,0,0,0,0,99.23664122137404,0.7633587786259541,0,0,0,0,0,0,0,0,0,0,0,0,0,0,0,0,0,0,0,0,0,0,0.7604396139040766,0.7604396139040766,0,0,0,0,0,0,0
16,116,0,0,0.8620689655172413,0,99.13793103448276,0,0,0,0,0,0,0,0,0,0,0,0,0,0,0,0,0,0,0,0,0,0.8583451080844774,0,0.8583451080844774,0,0,0,0,0,0,0,0
16.05,118,0,0,0,0,100,0,0,0,0,0,0,0,0,0,0,0,0,0,0,0,0,0,0,0,0,0,0,0,0,0,0,0,0,0,0,0,0
16.1,137,0,0,0,0,100,0,0,0,0,0,0,0,0,0,0,0,0,0,0,0,0,0,0,0,0,0,0,0,0,0,0,0,0,0,0,0,0
16.150000000000002,112,0,0,0,0,100,0,0,0,0,0,0,0,0,0,0,0,0,0,0,0,0,0,0,0,0,0,0,0,0,0,0,0,0,0,0,0,0
16.2,122.04669068241492,0.9533093175850809,0,0,0,100,0,0,0,0,0,0,0,0,0,0,0,0.7750482256789275,0,0,0,0,0,0,0,0,0,0,0,0,0,0,0,0,0,0,0,0
16.25,112,0,0,0.8928571428571428,0,97.32142857142857,0,0.8928571428571428,0,0,0,0,0,0.8928571428571428,0,0,0,0,0,0,0,0,0,0,0,0,0,0.8888622362733644,0,1.5256216471818476,0,0.8888622362733644,0,0,0,0,0,0.8888622362733644
16.3,143,0,0.6993006993006993,0,0,99.3006993006993,0,0,0,0,0,0,0,0,0,0,0,0,0,0,0,0,0,0,0,0,0.6968513022852836,0,0,0.6968513022852836,0,0,0,0,0,0,0,0
16.35,107,0,0,0,0,100,0,0,0,0,0,0,0,0,0,0,0,0,0,0,0,0,0,0,0,0,0,0,0,0,0,0,0,0,0,0,0,0
16.400000000000002,142,0,0,0,0,97.1830985915493,0,1.4084507042253522,0,0,0,0,0,1.4084507042253522,0,0,0,0,0,0,0,0,0,0,0,0,0,0,0,1.3884716678910625,0,0.9888866161963513,0,0,0,0,0,0.9888866161963513
16.45,107,0,0,0,0,100,0,0,0,0,0,0,0,0,0,0,0,0,0,0,0,0,0,0,0,0,0,0,0,0,0,0,0,0,0,0,0,0
16.5,120.04678390780464,0.9532160921953619,0,0,0,100,0,0,0,0,0,0,0,0,0,0,0,0.7877818943763321,0,0,0,0,0,0,0,0,0,0,0,0,0,0,0,0,0,0,0,0
16.55,126,0,0,0.7936507936507936,0,99.20634920634922,0,0,0,0,0,0,0,0,0,0,0,0,0,0,0,0,0,0,0,0,0,0.7904951119936465,0,0.7904951119936465,0,0,0,0,0,0,0,0
16.6,119,0,0,0,0,97.47899159663865,0,1.680672268907563,0,0,0,0,0,0.8403361344537815,0,0,0,0,0,0,0,0,0,0,0,0,0,0,0,1.4370410687695694,0,1.1783857624608471,0,0,0,0,0,0.8367978613303036
16.650000000000002,129,0,0,0,0,98.44961240310077,0,0.7751937984496124,0,0,0,0,0,0.7751937984496124,0,0,0,0,0,0,0,0,0,0,0,0,0,0,0,1.0877580171127448,0,0.7721833257236469,0,0,0,0,0,0.7721833257236469
16.7,137,0,0,0,0,100,0,0,0,0,0,0,0,0,0,0,0,0,0,0,0,0,0,0,0,0,0,0,0,0,0,0,0,0,0,0,0,0
16.75,140,0,0.7142857142857143,0,0,99.28571428571429,0,0,0,0,0,0,0,0,0,0,0,0,0,0,0,0,0,0,0,0,0.7117301221417065,0,0,0.7117301221417065,0,0,0,0,0,0,0,0
16.8,105,0,0,0.9523809523809524,0,99.04761904761905,0,0,0,0,0,0,0,0,0,0,0,0,0,0,0,0,0,0,0,0,0,0.9478349552916558,0,0.9478349552916558,0,0,0,0,0,0,0,0
16.85,142,0,0,0,0,100,0,0,0,0,0,0,0,0,0,0,0,0,0,0,0,0,0,0,0,0,0,0,0,0,0,0,0,0,0,0,0,0
16.900000000000002,133,0,0,0,0,100,0,0,0,0,0,0,0,0,0,0,0,0,0,0,0,0,0,0,0,0,0,0,0,0,0,0,0,0,0,0,0,0
16.95,108,0,1.8518518518518516,0,0,98.14814814814815,0,0,0,0,0,0,0,0,0,0,0,0,0,0,0,0,0,0,0,0,1.2972757420698038,0,0,1.2972757420698038,0,0,0,0,0,0,0,0
17,138,0,0,0,0,100,0,0,0,0,0,0,0,0,0,0,0,0,0,0,0,0,0,0,0,0,0,0,0,0,0,0,0,0,0,0,0,0
17.05,133,0,0,0,0,100,0,0,0,0,0,0,0,0,0,0,0,0,0,0,0,0,0,0,0,0,0,0,0,0,0,0,0,0,0,0,0,0
17.1,116,0,0,0,0,100,0,0,0,0,0,0,0,0,0,0,0,0,0,0,0,0,0,0,0,0,0,0,0,0,0,0,0,0,0,0,0,0
17.150000000000002,118,0,0,0,0,100,0,0,0,0,0,0,0,0,0,0,0,0,0,0,0,0,0,0,0,0,0,0,0,0,0,0,0,0,0,0,0,0
17.2,142,0,0,0,0,98.59154929577466,0,0.7042253521126761,0,0,0,0,0,0.7042253521126761,0,0,0,0,0,0,0,0,0,0,0,0,0,0,0,0.9888866161963513,0,0.7017413043295789,0,0,0,0,0,0.7017413043295789
17.25,123,0,0,0,0,100,0,0,0,0,0,0,0,0,0,0,0,0,0,0,0,0,0,0,0,0,0,0,0,0,0,0,0,0,0,0,0,0
17.3,137,0,0.7299270072992701,0,0,99.27007299270073,0,0,0,0,0,0,0,0,0,0,0,0,0,0,0,0,0,0,0,0,0.7272581610422102,0,0,0.7272581610422102,0,0,0,0,0,0,0,0
17.35,144,0,0,0,0,99.30555555555556,0,0.6944444444444444,0,0,0,0,0,0,0,0,0,0,0,0,0,0,0,0,0,0,0,0,0,0.6920289781887383,0,0.6920289781887383,0,0,0,0,0,0
17.400000000000002,143,0,0,0,0,99.3006993006993,0,0.6993006993006993,0,0,0,0,0,0,0,0,0,0,0,0,0,0,0,0,0,0,0,0,0,0.6968513022852836,0,0.6968513022852836,0,0,0,0,0,0
17.45,142,0,1.4084507042253522,0,0,98.59154929577466,0,0,0,0,0,0,0,0,0,0,0,0,0,0,0,0,0,0,0,0,0.9888866161963513,0,0,0.9888866161963513,0,0,0,0,0,0,0,0
17.5,136.1831300999038,4.816869900096208,0,0,0,100,0,0,0,0,0,0,0,0,0,0,0,1.9977800709902183,0,0.7092198581560284,0,0,0,0,0,0.7092198581560284,2.0734507486250218,1.4371285217822336,0,5.231946270589863,1.3001545623532766,2.8054363652378282,0,0,0,0,0,2.0573318371945173
17.55,129,0,0.7751937984496124,0,0,99.2248062015504,0,0,0,0,0,0,0,0,0,0,0,0,0,0,0,0,0,0,0,0,0.7721833257236469,0,0,0.7721833257236469,0,0,0,0,0,0,0,0
17.6,124,0,0,0,0,100,0,0,0,0,0,0,0,0,0,0,0,0,0,0,0,0,0,0,0,0,0,0,0,1.07015083475503,0,1.07015083475503,0,0,0,0,0,0
17.650000000000002,145,0,1.3793103448275863,0,0,98.62068965517241,0,0,0,0,0,0,0,0,0,0,0,0,0,0,0,0,0,0,0,0,0.9685699998038709,0,0,0.9685699998038709,0,0,0,0,0,0,0,0
17.7,131,0,0.7633587786259541,0,0,99.23664122137404,0,0,0,0,0,0,0,0,0,0,0,0,0,0,0,0,0,0,0,0,0.7604396139040766,0,0,0.7604396139040766,0,0,0,0,0,0,0,0
17.75,137,0,0.7299270072992701,0,0,99.27007299270073,0,0,0,0,0,0,0,0,0,0,0,0,0,0,0,0,0,0,0,0,0.7272581610422102,0,0,0.7272581610422102,0,0,0,0,0,0,0,0
17.8,141,0,0.7092198581560284,0,0,99.29078014184397,0,0,0,0,0,0,0,0,0,0,0,0,0,0,0,0,0,0,0,0,0.7067004190808703,0,0,0.7067004190808703,0,0,0,0,0,0,0,0
17.85,137,0,0.7299270072992701,0,0,97.8102189781022,0,0.7299270072992701,0,0,0,0,0,0.7299270072992701,0,0,0,0,0,0,0,0,0,0,0,0,0.7272581610422102,0,0,1.250351662258768,0,0.7272581610422102,0,0,0,0,0,0.7272581610422102
17.900000000000002,123,0,0,0,0,100,0,0,0,0,0,0,0,0,0,0,0,0,0,0,0,0,0,0,0,0,0,0,0,0,0,0,0,0,0,0,0,0
17.95,133,0,0,0,0,98.49624060150376,0,0.7518796992481203,0,0,0,0,0,0.7518796992481203,0,0,0,0,0,0,0,0,0,0,0,0,0,0,0,1.0552933081962317,0,0.7490477505818027,0,0,0,0,0,0.7490477505818027
18,134.04660937655717,0.9533906234428287,0,0,0,97.76197248557585,0,1.4920183429494274,0,0,0,0,0,0.7460091714747137,0,0,0,0.7062152766243175,0,0,0,0,0,0,0,0,0,0,0,1.2777929057371928,0,1.0472289860683408,0,0,0,0,0,0.7432610438315905
18.05,170,0,1.1764705882352942,0,0,98.82352941176471,0,0,0,0,0,0,0,0,0,0,0,0,0,0,0,0,0,0,0,0,0.8269823804174203,0,0,0.8269823804174203,0,0,0,0,0,0,0,0
18.1,147,0,0,0,0,98.63945578231292,0,0.6802721088435374,0,0,0,0,0,0.6802721088435374,0,0,0,0,0,0,0,0,0,0,0,0,0,0,0,0.9554830711857871,0,0.6779543095709865,0,0,0,0,0,0.6779543095709865
18.150000000000002,140,0,1.4285714285714286,0,0,98.57142857142858,0,0,0,0,0,0,0,0,0,0,0,0,0,0,0,0,0,0,0,0,1.0029112143106624,0,0,1.0029112143106624,0,0,0,0,0,0,0,0
18.2,142,0,0,0,0,100,0,0,0,0,0,0,0,0,0,0,0,0,0,0,0,0,0,0,0,0,0,0,0,0,0,0,0,0,0,0,0,0
18.25,122,0,0,0,0,100,0,0,0,0,0,0,0,0,0,0,0,0,0,0,0,0,0,0,0,0,0,0,0,0,0,0,0,0,0,0,0,0
18.3,143,0,1.3986013986013985,0,0,98.6013986013986,0,0,0,0,0,0,0,0,0,0,0,0,0,0,0,0,0,0,0,0,0.9820203734657895,0,0,0.9820203734657895,0,0,0,0,0,0,0,0
18.35,131,0,0,0,0,100,0,0,0,0,0,0,0,0,0,0,0,0,0,0,0,0,0,0,0,0,0,0.6503217804004461,0,0.6503217804004461,0,0,0,0,0,0,0,0
18.400000000000002,134,0,0,0,0,99.25373134328358,0.7462686567164178,0,0,0,0,0,0,0,0,0,0,0,0,0,0,0,0,0,0,0,0,0,0,0.7434788575803541,0.7434788575803541,0,0,0,0,0,0,0
18.45,132,0,0,0.7575757575757576,0,99.24242424242425,0,0,0,0,0,0,0,0,0,0,0,0,0,0,0,0,0,0,0,0,0,0.7547006968906226,0,0.7547006968906226,0,0,0,0,0,0,0,0
18.5,140,0,0,0,0,100,0,0,0,0,0,0,0,0,0,0,0,0,0,0,0,0,0,0,0,0,0,0,0,0,0,0,0,0,0,0,0,0
18.55,130,0,1.5384615384615385,0,0,98.46153846153847,0,0,0,0,0,0,0,0,0,0,0,0,0,0,0,0,0,0,0,0,1.0794560237624975,0,0,1.0794560237624975,0,0,0,0,0,0,0,0
18.6,168.04706678027287,0.9529332197271287,0,0,0,99.4049286196066,0,0.5950713803934069,0,0,0,0,0,0,0,0,0,0.5638658104894253,0,0,0,0,0,0,0,0,0,0,0,0.5933183287267173,0,0.5933183287267173,0,0,0,0,0,0
18.650000000000002,165.0469756857492,0.953024314250797,0,0,0,100,0,0,0,0,0,0,0,0,0,0,0,0.574111032681203,0,0,0,0,0,0,0,0,0,0,0,0,0,0,0,0,0,0,0,0
18.7,165,0,0,0,0,98.7878787878788,0,0.6060606060606061,0,0,0,0,0,0.6060606060606061,0,0,0,0,0,0,0,0,0,0,0,0,0,0,0,0.8518887513770264,0,0.6042212676577612,0,0,0,0,0,0.6042212676577612
18.75,141,0,0.7092198581560284,0,0,99.29078014184397,0,0,0,0,0,0,0,0,0,0,0,0,0,0,0,0,0,0,0,0,0.7067004190808703,0,0,0.7067004190808703,0,0,0,0,0,0,0,0
18.8,157,0,1.910828025477707,0,0,96.81528662420382,0,0.6369426751592357,0,0,0,0,0,0.6369426751592357,0,0,0,0,0,0,0,0,0,0,0,0,1.0926259457634802,0,0,1.4013845253382804,0,0.6349109549106132,0,0,0,0,0,0.6349109549106132
18.85,152,0,0,0,0,100,0,0,0,0,0,0,0,0,0,0,0,0,0,0,0,0,0,0,0,0,0,0,0,0,0,0,0,0,0,0,0,0
18.900000000000002,158,0,0.6329113924050633,0,0,98.73417721518987,0,0.6329113924050633,0,0,0,0,0,0,0,0,0,0,0,0,0,0,0,0,0,0,0.6309053290626772,0,0,0.8893888214310475,0,0.6309053290626772,0,0,0,0,0,0
18.95,149.04612194839865,0.9538780516013503,0,0,0,100,0,0,0,0,0,0,0,0,0,0,0,0.6359187010675669,0,0,0,0,0,0,0,0,0,0,0,0,0,0,0,0,0,0,0,0
19,131,0,0,0,0,100,0,0,0,0,0,0,0,0,0,0,0,0,0,0,0,0,0,0,0,0,0,0,0,0,0,0,0,0,0,0,0,0
19.05,170,0,0,0,0,98.82352941176471,0,0.5882352941176471,0,0,0,0,0,0.5882352941176471,0,0,0,0,0,0,0,0,0,0,0,0,0,0,0,0.8269823804174203,0,0.5865026385303421,0,0,0,0,0,0.5865026385303421
19.1,156,0,0,0,0,98.71794871794873,0,0.641025641025641,0,0,0,0,0,0.641025641025641,0,0,0,0,0,0,0,0,0,0,0,0,0,0,0,0.9007172096528768,0,0.6389677684886641,0,0,0,0,0,0.6389677684886641
19.150000000000002,152,0,0,0,0,99.3421052631579,0.6578947368421052,0,0,0,0,0,0,0,0,0,0,0,0,0,0,0,0,0,0,0,0,0,0,0.655727038241192,0.655727038241192,0,0,0,0,0,0,0
19.200000000000003,148,0,0,0,0,100,0,0,0,0,0,0,0,0,0,0,0,0,0,0,0,0,0,0,0,0,0,0,0,0,0,0,0,0,0,0,0,0
19.25,162,0,0,0,0,98.76543209876543,0,0.6172839506172839,0,0,0,0,0,0.6172839506172839,0,0,0,0,0,0,0,0,0,0,0,0,0,0,0,0.8675658875633414,0,0.6153758040098203,0,0,0,0,0,0.6153758040098203
19.3,174,0,1.1494252873563218,0,0,97.70114942528735,0,0.5747126436781609,0,0,0,0,0,0.5747126436781609,0,0,0,0,0,0,0,0,0,0,0,0,0.8080818434864858,0,0,1.1361366871446,0,0.5730587909149459,0,0,0,0,0,0.5730587909149459
19.35,169,0,0.591715976331361,0,0,99.40828402366864,0,0,0,0,0,0,0,0,0,0,0,0,0,0,0,0,0,0,0,0,0.589962739955199,0,0,0.589962739955199,0,0,0,0,0,0,0,0
19.400000000000002,154.0467203152366,0.9532796847634017,0,0,0,100,0,0,0,0,0,0,0,0,0,0,0,0.6150191514602592,0,0,0,0,0,0,0,0,0,0,0,0,0,0,0,0,0,0,0,0
19.450000000000003,144,0,0,0,0,100,0,0,0,0,0,0,0,0,0,0,0,0,0,0,0,0,0,0,0,0,0,0,0,0,0,0,0,0,0,0,0,0
19.5,145,0,0,0,0,100,0,0,0,0,0,0,0,0,0,0,0,0,0,0,0,0,0,0,0,0,0,0,0,0,0,0,0,0,0,0,0,0
19.55,147,0,0.6802721088435374,0,0,99.31972789115646,0,0,0,0,0,0,0,0,0,0,0,0,0,0,0,0,0,0,0,0,0.6779543095709865,0,0,0.6779543095709865,0,0,0,0,0,0,0,0
19.6,156.04671731824055,0.9532826817594469,1.2816674611111583,0,0,98.71833253888884,0,0,0,0,0,0,0,0,0,0,0,0.6071864215028324,0,0,0,0,0,0,0,0,0.9005207176706557,0,0,0.9005207176706557,0,0,0,0,0,0,0,0
19.650000000000002,159.04599202470854,0.9540079752914608,0.6287489469364593,0.6287489469364593,0,98.11375315919062,0.6287489469364593,0,0,0,0,0,0,0,0,0,0,0.596254984557163,0,0,0,0,0,0,0,0,0.626792991237429,0.626792991237429,0,1.0788297618887954,0.626792991237429,0,0,0,0,0,0,0
19.700000000000003,145,0,0,0,0,100,0,0,0,0,0,0,0,0,0,0,0,0,0,0,0,0,0,0,0,0,0,0,0,0,0,0,0,0,0,0,0,0
19.75,156,0,0,0,0,98.71794871794873,0,0.641025641025641,0,0,0,0,0,0.641025641025641,0,0,0,0,0,0,0,0,0,0,0,0,0,0,0,0.9007172096528768,0,0.6389677684886641,0,0,0,0,0,0.6389677684886641
19.8,135.04624583991244,0.9537541600875556,0,0,0,100,0,0,0,0,0,0,0,0,0,0,0,0.7012898235937909,0,0,0,0,0,0,0,0,0,0,0,0,0,0,0,0,0,0,0,0
19.85,159,0,0,0,0,100,0,0,0,0,0,0,0,0,0,0,0,0,0,0,0,0,0,0,0,0,0,0,0,0,0,0,0,0,0,0,0,0
19.900000000000002,143,0,0,0,0,100,0,0,0,0,0,0,0,0,0,0,0,0,0,0,0,0,0,0,0,0,0,0,0,0,0,0,0,0,0,0,0,0
19.950000000000003,179,0,0,0,0,100,0,0,0,0,0,0,0,0,0,0,0,0,0,0,0,0,0,0,0,0,0,0,0,0,0,0,0,0,0,0,0,0
20,162.04665352543816,0.9533464745618403,0,0,0,98.76578753310321,0,0.6171062334483935,0,0,0,0,0,0.6171062334483935,0,0,0,0.5848751377680002,0,0,0,0,0,0,0,0,0,0,0,0.8673814355838458,0,0.6152216595498772,0,0,0,0,0,0.6152216595498772
20.05,185,0,0.5405405405405406,0,0,99.45945945945947,0,0,0,0,0,0,0,0,0,0,0,0,0,0,0,0,0,0,0,0,0.5390776405901563,0,0,0.5390776405901563,0,0,0,0,0,0,0,0
20.1,137,0,0,0,0,100,0,0,0,0,0,0,0,0,0,0,0,0,0,0,0,0,0,0,0,0,0,0,0,0,0,0,0,0,0,0,0,0
20.150000000000002,147,0,0,0,0,98.63945578231292,0,1.3605442176870748,0,0,0,0,0,0,0,0,0,0,0,0,0,0,0,0,0,0,0,0,0,0.9554830711857871,0,0.9554830711857871,0,0,0,0,0,0
20.200000000000003,145,0,0,0,0,100,0,0,0,0,0,0,0,0,0,0,0,0,0,0,0,0,0,0,0,0,0,0,0,0,0,0,0,0,0,0,0,0
20.25,154,0,0.6493506493506493,0,0,99.35064935064936,0,0,0,0,0,0,0,0,0,0,0,0,0,0,0,0,0,0,0,0,0.6472389343295344,0,0,0.6472389343295344,0,0,0,0,0,0,0,0
20.3,163.04664373677224,0.9533562632277608,0.6133214257476114,0.6133214257476114,0,98.77335714850479,0,0,0,0,0,0,0,0,0,0,0,0.5813147946510736,0,0,0,0,0,0,0,0,0.6193350903932595,0.6193350903932595,0,1.0764570722511375,0,0.6375746537843419,0,0,0,0,0,0
20.35,178,0,0.5617977528089888,0,0,99.43820224719101,0,0,0,0,0,0,0,0,0,0,0,0,0,0,0,0,0,0,0,0,0.5602174465763504,0,0,0.5602174465763504,0,0,0,0,0,0,0,0
20.400000000000002,180,0,0,0.5555555555555556,0,99.44444444444444,0,0,0,0,0,0,0,0,0,0,0,0,0,0,0,0,0,0,0,0,0,0.5540101963574663,0,0.5540101963574663,0,0,0,0,0,0,0,0
20.450000000000003,147,0,0,0,0,100,0,0,0,0,0,0,0,0,0,0,0,0,0,0,0,0,0,0,0,0,0,0,0,0,0,0,0,0,0,0,0,0
20.5,156,0,0.641025641025641,0,0,98.07692307692307,0,0.641025641025641,0,0,0,0,0,0.641025641025641,0,0,0,0,0,0,0,0,0,0,0,0,0.6389677684886641,0,0,1.0995612978785878,0,0.6389677684886641,0,0,0,0,0,0.6389677684886641
20.55,161,0,0,0,0,98.75776397515527,0,0.6211180124223602,0,0,0,0,0,0.6211180124223602,0,0,0,0,0,0,0,0,0,0,0,0,0,0,0,0.872920606917764,0,0.619186069912083,0,0,0,0,0,0.619186069912083
20.6,179,0,0,0,0,100,0,0,0,0,0,0,0,0,0,0,0,0,0,0,0,0,0,0,0,0,0,0,0,0,0,0,0,0,0,0,0,0
20.650000000000002,168,0,0,0,0,98.80952380952381,0,0.5952380952380952,0,0,0,0,0,0.5952380952380952,0,0,0,0,0,0,0,0,0,0,0,0,0,0,0,0.8367681076601763,0,0.5934639091896289,0,0,0,0,0,0.5934639091896289
20.700000000000003,164.89866529429855,0.10133470570144709,1.2128660935069138,0.5449803324330635,0,97.63572052730657,0.6064330467534569,0,0,0,0,0,0,0,0,0.06141497315239218,0,0,0,0,0,0,0,0,0,0,0.8524154777653283,0.6343632181651573,0,1.2128189891723888,0.6045937121578536,0,0,0,0,0,0,0
20.75,172,0,1.744186046511628,0.5813953488372093,0,97.09302325581395,0.5813953488372093,0,0,0,0,0,0,0,0,0,0,0,0,0,0,0,0,0,0,0,0.9981856205435852,0.5797027823670816,0,1.2810042404740876,0.5797027823670816,0,0,0,0,0,0,0
20.8,200.04669208079576,0.9533079192042351,0.49988329704352996,0,0,98.50035010886941,0,0.9997665940870599,0,0,0,0,0,0,0,0,0,0.47428254686777865,0,0,0,0,0,0,0,0,0.4986442529083285,0,0,0.8593689281373194,0,0.7034328272890028,0,0,0,0,0,0
20.85,162,0,0,0.6172839506172839,0,96.91358024691358,0,1.2345679012345678,0,0,0,0,0,1.2345679012345678,0,0,0,0,0,0,0,0,0,0,0,0,0,0.6153758040098203,0,1.358821176691286,0,0.8675658875633414,0,0,0,0,0,0.8675658875633414
20.900000000000002,196,0,1.530612244897959,0,0,97.44897959183673,0,0.5102040816326531,0,0,0,0,0,0.5102040816326531,0,0,0,0,0,0,0,0,0,0,0,0,0.8769103072533502,0,0,1.1262053309302074,0,0.5089008762306465,0,0,0,0,0,0.5089008762306465
20.950000000000003,175.48204547926434,0.5179545207356568,1.5442549801934642,0,0,97.3813937002994,0,0.5371756597535687,0,0,0,0,0,0.5371756597535687,0.16483509848926173,0,0,0.06428319232906109,0,0.03258702525437746,0,0,0,0,0,0.03258702525437746,1.0320395417323898,0.22168278278791834,0,1.4148884600393667,0.20172908732597455,0.6907749658345952,0,0,0,0,0,0.6380925301049117
21,184,0,1.0869565217391304,0,0,98.91304347826086,0,0,0,0,0,0,0,0,0,0,0,0,0,0,0,0,0,0,0,0,0.7644057712486679,0,0,0.7644057712486679,0,0,0,0,0,0,0,0
21.05,161,0,2.484472049689441,0,0,97.51552795031056,0,0,0,0,0,0,0,0,0,0,0,0,0,0,0,0,0,0,0,0,1.226707464110615,0,0,1.226707464110615,0,0,0,0,0,0,0,0
21.1,194,0,2.0618556701030926,0,0,97.9381443298969,0,0,0,0,0,0,0,0,0,0,0,0,0,0,0,0,0,0,0,0,1.0202443567368893,0,0,1.0202443567368893,0,0,0,0,0,0,0,0
21.150000000000002,189,0,1.0582010582010581,0,0,98.94179894179894,0,0,0,0,0,0,0,0,0,0,0,0,0,0,0,0,0,0,0,0,0.7442915609676501,0,0,0.7442915609676501,0,0,0,0,0,0,0,0
21.200000000000003,184,0,2.1739130434782608,0,0,97.82608695652173,0,0,0,0,0,0,0,0,0,0,0,0,0,0,0,0,0,0,0,0,1.0750768587974788,0,0,1.0750768587974788,0,0,0,0,0,0,0,0
21.25,198,0,3.535353535353535,0,0,95.95959595959596,0.5050505050505051,0,0,0,0,0,0,0,0,0,0,0,0,0,0,0,0,0,0,0,1.3124051267594659,0,0,1.3993424488108308,0.503773510579516,0,0,0,0,0,0,0
21.3,193,0,3.1088082901554404,0,0,96.37305699481865,0,0.5181347150259068,0,0,0,0,0,0,0,0,0,0,0,0,0,0,0,0,0,0,1.249281949265101,0,0,1.345765927793866,0,0.5167906538383726,0,0,0,0,0,0
21.35,197,0,4.568527918781726,0,0,95.43147208121827,0,0,0,0,0,0,0,0,0,0,0,0,0,0,0,0,0,0,0,0,1.4876502518211652,0,0,1.4876502518211652,0,0,0,0,0,0,0,0
21.400000000000002,179,0,3.910614525139665,0.5586592178770949,0,95.53072625698324,0,0,0,0,0,0,0,0,0,0,0,0,0,0,0,0,0,0,0,0,1.4488842683882197,0.5570965316891304,0,1.5444131906381393,0,0,0,0,0,0,0,0
21.450000000000003,220.0468779988587,0.9531220011413097,3.635588958477063,0,0,96.36441104152294,0,0,0,0,0,0,0,0,0,0,0,0.4312769235933528,0,0,0,0,0,0,0,0,1.2619991911123412,0,0,1.2619991911123412,0,0,0,0,0,0,0,0
21.5,165.87247238773853,0.12752761226147413,5.348972171222299,0.6028727887183293,0,93.44528225134104,0.6028727887183293,0,0,0,0,0,0,0,0.07682386280811696,0,0,0,0,0,0,0,0,0,0,0,1.7706801392428184,0.6010555662733008,0,1.9425724360205134,0.6010555662733008,0,0,0,0,0,0,0
21.55,175.52008060691878,0.479919393081218,5.993662132869424,0,0,93.43660248611766,0.5697353810129125,0,0,0,0,0,0,0,0.27268147334160114,0,0,0,0,0,0,0,0,0,0,0,1.8669395147612857,0,0,1.9406118311638292,0.5681189714129292,0,0,0,0,0,0,0
21.6,180,0,7.222222222222221,0.5555555555555556,0,90,0,1.1111111111111112,0,0,0,0,0,1.1111111111111112,0,0,0,0,0,0,0,0,0,0,0,0,1.9679741213173483,0.5646812161847607,0,2.3769482086538813,0,1.0867480551927706,0,0,0,0,0,0.7963908925992839
21.650000000000002,158,0,5.69620253164557,3.1645569620253164,0,91.13924050632912,0,0,0,0,0,0,0,0,0,0,0,0,0,0,0,0,0,0,0,0,1.8438634623024894,1.3926599524901269,0,2.260786928307293,0,0,0,0,0,0,0,0
21.700000000000003,169.9987858247614,1.0012141752386015,9.999357196753236,1.1764789908921147,0,88.82416381235466,0,0,0,0,0,0,0,0,0.585505365636609,0,0,0,0,0,0,0,0,0,0,0,2.4197320588091484,0.8270462332399645,0,2.527060370060188,0,0,0,0,0,0,0,0
21.75,146,0,7.534246575342466,0.684931506849315,0,91.78082191780823,0,0,0,0,0,0,0,0,0,0,0,0,0,0,0,0,0,0,0,0,2.184408929295255,0.682581820655538,0,2.273074858906872,0,0,0,0,0,0,0,0
21.8,156,0,7.051282051282051,1.9230769230769231,0,91.02564102564102,0,0,0,0,0,0,0,0,0,0,0,0,0,0,0,0,0,0,0,0,2.0788125335066447,1.114730955212721,0,2.479148241048045,0.9612861914172667,0,0,0,0,0,0,0
21.85,138.01953111356124,0.9804688864387572,9.11914306500295,1.0384998428157262,0,88.39328681650099,1.449070275680344,0,0,0,0,0,0,0,0.2976989209410741,0.4076743786551541,0,0,0,0,0,0,0,0,0,0,2.523568924473281,1.1520916026360635,0,2.8701418514637407,1.0173026405580583,0,0,0,0,0,0,0
21.900000000000002,142,0,8.450704225352112,4.225352112676056,0,85.91549295774648,0.7042253521126761,0.7042253521126761,0,0,0,0,0,0,0,0,0,0,0,0,0,0,0,0,0,0,2.334155486557903,1.6881559461530082,0,2.919190228256275,0.7017413043295789,0.7017413043295789,0,0,0,0,0,0
21.950000000000003,156.999904766059,9.523394101051963E-05,12.738800571796697,6.369430615197322,0,80.25482575148625,0.6369430615197321,0,0,0,0,0,0,0,6.065856115319722E-05,0,0,0,0,0,0,0,0,0,0,0,2.6608902887051515,1.9489893283666275,0,3.1770016448018925,0.6349113412730838,0,0,0,0,0,0,0
22,148.999950497184,4.9502816024116214E-05,12.08054092631406,6.711378402352536,0,80.5369395087604,0.6711411625730033,0,0,0,0,0,0,0,0,3.32233664591384E-05,0,0,0,0,0,0,0,0,0,0,2.6698855936596644,2.049883334204916,0,3.2434758016248186,0.6688852202598342,0,0,0,0,0,0,0
22.05,137.54701980622485,1.4529801937751472,9.815093943690474,0.7270241124880729,0,89.45788194382145,0,0,0,0,0,0,0,0,0.3594466109874008,0,0,0.6858628809371655,0,0,0,0,0,0,0,0,2.621967363551834,0.7244325080248983,0,2.700049887709454,0,0,0,0,0,0,0,0
22.1,137.99994671417335,5.3285826645321777E-05,13.768121258302338,2.8985132309203556,0,82.60872754981403,0,0.7246379609632809,0,0,0,0,0,0,0,3.8612917858928824E-05,0,0,0,0,0,0,0,0,0,0,2.933133517160468,1.428126710103463,0,3.2265617635964423,0,0.7220076884703076,0,0,0,0,0,0
22.150000000000002,144.98100994225388,0.018990057746123057,11.035928089046159,3.435629220846109,0,83.45920617341159,2.069236516696155,0,0,0,0,0,0,0,0,0.013096591549050383,0,0,0,0,0,0,0,0,0,0,2.6023353025800593,1.5182701104077865,0,3.087781583026458,1.1822526026397768,0,0,0,0,0,0,0
22.200000000000003,145.55505018634722,0.44494981365278363,17.86265743903316,4.503485229784262,0,77.63385733118258,0,0,0,0,0,0,0,0,0,0.304760146337523,0,0,0,0,0,0,0,0,0,0,3.1770075397071884,1.8269442676232241,0,3.4903376351095616,0,0,0,0,0,0,0,0
22.25,145.47312200302258,1.5268779969774187,8.963768380178076,5.797117828462186,0,84.5517015833649,0.6874122079948366,0,0,0,0,0,0,0,0.6531471348538691,0.3855453800967559,0,0,0,0,0,0,0,0,0,0,2.523050493052147,2.057270729824056,0,3.163928792100733,0.6850952225454305,0,0,0,0,0,0,0
22.3,135.9587275370468,0.041272462953202194,12.503794576459054,2.91171270043558,0,83.11345806705135,1.4710346560540064,0,0,0,0,0,0,0,0,0.03034739923029573,0,0,0,0,0,0,0,0,0,0,2.8368137178558346,1.4564856556858834,0,3.217736004443887,1.0325042215142486,0,0,0,0,0,0,0
22.35,136.278099678113,0.7219003218870057,15.409666006204748,6.074416724085347,0,77.04833003102374,1.4675872386861666,0,0,0,0,0,0,0,0,0.5269345415233618,0,0,0,0,0,0,0,0,0,0,3.09572685778397,2.207362508623352,0,3.665764261229055,1.0301791377050284,0,0,0,0,0,0,0
22.400000000000002,142,0,19.014084507042252,6.338028169014084,0,73.94366197183099,0.7042253521126761,0,0,0,0,0,0,0,0,0,0,0,0,0,0,0,0,0,0,0,3.2930497028614774,2.044629199191006,0,3.6835196841105984,0.7017413043295789,0,0,0,0,0,0,0
22.450000000000003,130.98427149254894,0.01572850745105825,16.03245928744551,7.622496486623509,0,73.29124245689374,2.2903513267779294,0.7634504422593099,0,0,0,0,0,0,0,0.012006494237449044,0,0,0,0,0,0,0,0,0,0,3.2059457730513996,2.3219520197039056,0,3.8671085864129333,1.3071078613642741,0.7605312783366858,0,0,0,0,0,0
22.5,163.9003007374704,0.09969926252961159,17.022726994357434,7.931651096127598,0,74.43549490212054,0.6101270073944306,0,0,0,0,0,0,0,0.06079223324976316,0,0,0,0,0,0,0,0,0,0,0,2.94434165124463,2.110910697395873,0,3.4133961980377396,0.6082651561725703,0,0,0,0,0,0,0
22.55,126.5861941279463,0.41380587205369324,12.312712484421995,6.319804505627244,0,80.57750744674736,0,0.7899755632034055,0,0,0,0,0,0,0.32583139531786864,0,0,0,0,0,0,0,0,0,0,0,2.987681577494571,2.16310847261159,0,3.5635068925312416,0,0.786869550516894,0,0,0,0,0,0
22.6,129.99993346809018,6.653190981609214E-05,19.999959057265315,5.384618140376373,0,72.30772931362559,2.3076934887327316,0,0,0,0,0,0,0,5.117839216622472E-05,0,0,0,0,0,0,0,0,0,0,0,3.5082374636048614,1.9796425317076243,0,3.9246475483934042,1.3168844948616707,0,0,0,0,0,0,0
22.650000000000002,122.97974484133738,0.020255158662621398,12.19713052694351,6.488665960099743,0,76.43535130217934,4.878852210777405,0,0,0,0,0,0,0,0,0.016467608668797883,0,0,0,0,0,0,0,0,0,0,2.9510484029609656,2.2264936010101275,0,3.8290648088703994,1.9426038602143543,0,0,0,0,0,0,0
22.700000000000003,134,0,19.402985074626866,8.208955223880597,0,69.40298507462687,2.2388059701492535,0.7462686567164178,0,0,0,0,0,0,0,0,0,0,0,0,0,0,0,0,0,0,3.416184785689122,2.371328389793718,0,3.9808535893641936,1.2780242004895432,0.7434788575803541,0,0,0,0,0,0
22.75,119,0,17.647058823529413,5.042016806722689,0,76.47058823529412,0.8403361344537815,0,0,0,0,0,0,0,0,0,0,0,0,0,0,0,0,0,0,0,3.494638386976497,2.005831304000713,0,3.888474629618811,0.8367978613303036,0,0,0,0,0,0,0
22.8,117,0,15.384615384615385,5.982905982905983,0,71.7948717948718,6.837606837606838,0,0,0,0,0,0,0,0,0,0,0,0,0,0,0,0,0,0,0,3.3356083876307223,2.1926361495999585,0,4.160234587654537,2.3333476492143177,0,0,0,0,0,0,0
22.85,115.05806535854936,2.9419346414506435,10.543532357751277,10.402135363350466,0,76.1913332779494,1.4205782282037274,0.7212103863725674,0,0,0,0,0,0.7212103863725674,0.7362844480667263,0.8741561821622427,0,0.28451352500577726,0.3097543845118923,0.14422820531763136,0,0,0,0,0,0.14422820531763136,3.216435244486635,3.169924462420003,0,4.538811469827359,1.3689500561772654,1.3814201954900058,0,0,0,0,0,1.1751178868362209
22.900000000000002,113.76813411293551,0.23186588706448674,11.426749767289971,7.910826761969979,0,78.90446196808006,1.7579615026599955,0,0,0,0,0,0,0,0,0,0,0.20339112900393574,0,0,0,0,0,0,0,0,2.9834343768719913,2.530934629403309,0,3.8271217536726567,1.2321366702369025,0,0,0,0,0,0,0
22.950000000000003,116.04656676519801,0.9534332348019916,17.234378698468415,12.92584556193734,0,67.25460662720678,2.5851691123874683,0,0,0,0,0,0,0,8.138214939325012E-05,0,0,0.8148188185360696,0,0,0,0,0,0,0,0,3.5119637067486256,3.1180781730687657,0,4.373719229470155,1.4734504686752465,0,0,0,0,0,0,0
23,128.0729750650935,1.9270249349065125,21.862535781470612,9.390535321658739,0,65.6237094995177,1.5616096986764723,0.7808048493382361,0,0,0,0,0,0.7808048493382361,0,0.7486631069332361,0,0.7336637660717735,0,0,0,0,0,0,0,0,3.6675146157433605,2.761919301033695,0,4.273482791020897,1.0958305137129258,0.7778426801552719,0,0,0,0,0,0.7778426801552719
23.05,102.15761098406801,0.8423890159319853,16.810632181025813,12.710037589502827,0,70.47933022947136,0,0,0,0,0,0,0,0,0.802582303441844,0.01527111008435542,0,0,0,0,0,0,0,0,0,0,3.8453222475372315,3.302851063282398,0,4.6009181750049315,0,0,0,0,0,0,0,0
23.1,109.26818606304005,1.7318139369599521,14.321241252594968,9.548026494522729,0,73.38519385960358,2.7455383932787276,0,0,0,0,0,0,0,0.3166121275474628,0.5108510311860759,0,0.7327295772664182,0,0,0,0,0,0,0,0,3.4218519396537332,2.949365589053218,0,4.335867773395138,1.563924886260954,0,0,0,0,0,0,0
23.150000000000002,111.86671284493059,1.1332871550694108,22.348024147857952,7.926140510825243,0,67.04407244357385,2.681762897742954,0,0,0,0,0,0,0,0,1.002908986787089,0,0,0,0,0,0,0,0,0,0,3.9500985242101305,2.838876080667409,0,4.534898142574468,1.527840698034013,0,0,0,0,0,0,0
23.200000000000003,113,0,15.04424778761062,16.8141592920354,0,66.3716814159292,1.7699115044247788,0,0,0,0,0,0,0,0,0,0,0,0,0,0,0,0,0,0,0,3.363120373755895,3.5182205585039212,0,4.444314303119698,1.2403916156829196,0,0,0,0,0,0,0
23.25,134.10971109569073,0.8902889043092728,17.05504560472763,9.693556039893462,0,71.01442388463425,1.4913163138297632,0.7456581569148816,0,0,0,0,0,0,0.09446489797146232,0,0,0.5650083644798508,0,0,0,0,0,0,0,0,3.2665793634462945,2.556701758332012,0,3.9359067509167325,1.0467324090172423,0.7429099726808148,0,0,0,0,0,0
23.3,135.1057584718801,0.8942415281198919,29.684714349335017,8.881930819031366,0,60.69319393004766,0.7401609015859472,0,0,0,0,0,0,0,0.6575305353822735,0,0,0,0,0,0,0,0,0,0,0,4.006803510155921,2.457207815292408,0,4.268810666920307,0.7397983283437491,0.4873188103203291,0,0,0,0,0,0
23.35,131,0,19.84732824427481,14.50381679389313,0,61.832061068702295,3.0534351145038165,0.7633587786259541,0,0,0,0,0,0,0,0,0,0,0,0,0,0,0,0,0,0,3.484772092158424,3.076655487835487,0,4.244441655677053,1.503228194070878,0.7604396139040766,0,0,0,0,0,0
23.400000000000002,117.43333619320765,0.5666638067923486,22.140220863029388,12.290663504152814,0,61.31138085146599,4.257734781351806,0,0,0,0,0,0,0,0,0.4802235650782615,0,0,0,0,0,0,0,0,0,0,3.8366038774324975,3.132401808882336,0,4.528583503008594,1.8635396069818972,0,0,0,0,0,0,0
23.450000000000003,125.47275698893645,0.5272430110635469,14.29432470784311,15.049412311439902,0,68.40619013187552,1.516663273292718,0.7334095755487469,0,0,0,0,0,0,0.05120372707818798,0.09292655730470349,0,0.13402165908094804,0.07698474346109414,0.06331014725248447,0,0,0,0,0,0,3.173228862302603,3.236438950762689,0,4.234403923479855,1.1530767135369961,0.9319860832840787,0,0,0,0,0,0.35165447320519444
23.5,112.78316994554916,1.2168300544508384,19.46189295158481,10.55900964931156,0,67.38612731929055,2.592970079813089,0,0,0,0,0,0,0,0.04408789280109647,0.08001245846491911,0,0.8770083383863317,0.06628609495365119,0,0,0,0,0,0,0,3.7838458326894413,2.9400780871541383,0,4.509169646219605,1.5457337912686748,0.4736244985788265,0,0,0,0,0,0.3452412213745631
23.55,130.78873137023766,0.21126862976234406,19.114796617477563,14.36571115370053,0,63.4611247700255,3.0583674587964094,0,0,0,0,0,0,0,0,0.1612737631773619,0,0,0,0,0,0,0,0,0,0,3.439536650183831,3.0963094051751514,0,4.2224190608375896,1.5056948476882457,0,0,0,0,0,0,0
23.6,132,0,21.96969696969697,9.090909090909092,0,62.121212121212125,6.0606060606060606,0.7575757575757576,0,0,0,0,0,0,0,0,0,0,0,0,0,0,0,0,0,0,3.603767086306193,2.5021903752871832,0,4.222124462293278,2.076801263158612,0.7547006968906226,0,0,0,0,0,0
23.650000000000002,125.21995182335377,1.7800481766462326,20.103275542133993,11.180326933642034,0,64.72342361935182,3.9929739048721546,0,0,0,0,0,0,0,0.6509354734045314,0,0,0.7506772641121872,0,0,0,0,0,0,0,0,3.680919100389341,2.821115083507434,0,4.3389778002328345,1.7507316853853205,0,0,0,0,0,0,0
23.700000000000003,108.88105520454701,0.11894479545298964,30.1990600134943,11.939634471375975,0,54.18757183162942,3.6737336835003,0,0,0,0,0,0,0,0.1091236655532015,0,0,0,0,0,0,0,0,0,0,0,4.411080875966836,3.1079492148666814,0,4.781077521921302,1.8028854405587835,0,0,0,0,0,0,0
23.75,131.673997271806,0.32600272819399834,18.226833313534467,10.384736208455543,0,65.3128193734985,4.556708328383617,0.7594513880639361,0,0,0,0,0,0.7594513880639361,0,0.24697176378333208,0,0,0,0,0,0,0,0,0,0,3.3662823712284107,2.714718183130392,0,4.167243779126305,1.8176055434067029,0.7565763939614564,0,0,0,0,0,0.7565763939614564
23.8,110.99993339088321,6.660911679112758E-05,20.720733154862476,12.612620181220635,0,63.06304089785385,1.8018028830315194,1.8018028830315194,0,0,0,0,0,0,0,0,0,6.0008213325340166E-05,0,0,0,0,0,0,0,0,3.846990205378826,3.151125471193559,0,4.580963348998353,1.2625367883144378,1.2625367883144378,0,0,0,0,0,0
23.85,97.98427107634598,0.015728923654023674,22.4525832139511,7.127951251384085,0,68.3783216061238,2.0411439285410093,0,0,0,0,0,0,0,0,0.016049922095942526,0,0,0,0,0,0,0,0,0,0,4.215594467567236,2.60467255166141,0,4.699202850992067,1.4285055655597987,0,0,0,0,0,0,0
23.900000000000002,117,8.577079245073412E-17,12.82051282051282,14.529914529914532,0,68.37606837606837,4.273504273504273,0,0,0,0,0,0,0,0,7.330836961601207E-17,0,0,0,0,0,0,0,0,0,0,3.0907716695708505,3.257959401121741,0,4.298996216608101,1.869886391207674,0,0,0,0,0,0,0
23.950000000000003,109.67626705800649,0.3237329419935122,22.794357129950267,18.852088617377042,0,55.61823139707865,2.735322855594032,0,0,0,0,0,0,0,0,0.29430267453955655,0,0,0,0,0,0,0,0,0,0,4.009221133803033,3.781908955024697,0,4.761624134122638,1.5576202667876982,0,0,0,0,0,0,0
24,95.72630129382014,1.2736987061798573,22.982189536889866,9.115886831390082,0,65.81263367382097,2.0892899578990787,0,0,0,0,0,0,0,0,1.313091449669956,0,0,0,0,0,0,0,0,0,0,4.3171104874424575,3.309225556867349,0,4.9707316607703955,1.4622515527067008,0,0,0,0,0,0,0
24.05,122.50203150726156,1.497968492738437,19.419271426239636,12.748419156617974,0,62.61823927385656,3.82260171329087,0.6957342149974826,0,0,0,0,0,0.6957342149974826,0.17015967657038522,0.3088125387758708,0,0.2349877382643641,0.25583487482846623,0.11912213930402012,0,0,0,0,0,0.11912213930402012,3.74870861791061,3.1705223261833226,0,4.645843584993038,1.893100812277745,1.2372846316256518,0,0,0,0,0,1.0656874986156084
24.1,130.02666093502194,0.9733390649780631,18.457753069575087,10.787526830387087,0,65.37120878807843,4.614438267393772,0.7690730445656286,0,0,0,0,0,0,0,0.7430069198305825,0,0,0,0,0,0,0,0,0,0,3.4079969131265444,2.884061451596145,0,4.231045759731823,1.8405251289892806,0.7661544155855479,0,0,0,0,0,0
24.150000000000002,118.58651485294104,0.4134851470589638,22.419509407044245,14.335525435654867,0,57.34210174261947,5.902863414681416,0,0,0,0,0,0,0,0.347466510133583,0,0,0,0,0,0,0,0,0,0,0,3.875694027417933,3.2199030374164037,0,4.562942039460862,2.164695883282074,0,0,0,0,0,0,0
24.200000000000003,120.97754840171547,1.0224515982845332,23.87864313006945,8.924275432754968,0,61.76137109686897,3.993553399486518,0.7210784704100482,0,0,0,0,0,0.7210784704100482,0.09196963085846395,0.16691013839053845,0,0.23164539977232543,0.13827623212118403,0.10463683970929048,0,0,0,0,0,0.10463683970929048,3.9661933659943505,2.6723467382497947,0,4.55929402785722,1.8628488762843745,1.063200114549895,0,0,0,0,0,0.9619551168523435
24.25,122.85830604156945,0.141693958430551,19.534698770695677,15.349638660318732,0,59.41804209419935,4.883674692673919,0.8139457821123198,0,0,0,0,0,0,0,0.11519834018743982,0,0,0,0,0,0,0,0,0,0,3.5778899916042675,3.2726988667220644,0,4.437675361520325,1.9445734397251075,0.8106341473233133,0,0,0,0,0,0
24.3,106.42293655747977,0.5770634425202203,31.559411454478965,13.001411702159194,0,54.49952977822012,0.9396470651417262,0,0,0,0,0,0,0,0.3864930559680841,0.15281857255548634,0,0,0,0,0,0,0,0,0,0,4.546062490389549,3.2953422708028777,0,4.858354383368679,0.9352700637772582,0,0,0,0,0,0,0
24.35,114.78805401152931,0.21194598847068846,30.306336587982578,9.582878719152395,0,55.75493072961394,2.613512377950653,0.8711707926502178,0,0,0,0,0,0.8711707926502178,0.1843008595397291,0,0,0,0,0,0,0,0,0,0,0,4.307757876616536,2.7479571640451836,0,4.646584908365316,1.489137512785221,0.8673818735959257,0,0,0,0,0,0.8673818735959257
24.400000000000002,90.75089983700309,0.2491001629969105,25.233942382150225,10.854845603232507,0,57.299707323449965,6.611504691167304,0,0,0,0,0,0,0,0.1098573888437106,0.16387905401003722,0,0,0,0,0,0,0,0,0,0,4.576899672177251,3.3095980197424026,0,5.211466602874477,2.6088899056051207,0,0,0,0,0,0,0
24.450000000000003,111.96816330909496,0.03183669090503827,22.299341679981673,11.610443197244118,0,64.30399309242895,1.7862220303452487,0,0,0,0,0,0,0,0.028425616879498454,0,0,0,0,0,0,0,0,0,0,0,3.9376847756938984,3.027567398451275,0,4.530058917443855,1.2517249188313482,0,0,0,0,0,0,0
24.5,126.99990472418034,9.527581966040088E-05,30.70860943469266,9.448825986178273,0,55.11815158603992,4.724412993089136,0,0,0,0,0,0,0,7.502033044126053E-05,0,0,0,0,0,0,0,0,0,0,0,4.093254533909931,2.5955793156309483,0,4.413482331115843,1.88262171099381,0,0,0,0,0,0,0
24.55,120.41970209590909,0.5802979040909122,22.421580131875483,9.49412062188862,0,62.27129698982373,5.813002256412163,0,0,0,0,0,0,0,0,0.4687671326408701,0,0.010817912062363072,0,0,0,0,0,0,0,0,3.9807865897633845,2.903688978257712,0,4.708944715095036,2.2200821188527144,1.087161736596597,0,0,0,0,0,0
24.6,91.50430751816111,0.49569248183888703,21.33236814913996,14.189792937877604,0,56.827925821611636,5.464223636693427,1.0928447273386854,0,0,0,0,0,1.0928447273386854,0.5217002694616499,0.017095906450183815,0,0,0,0,0,0,0,0,0,0,4.364740621914074,3.6547971592474844,0,5.214786370871219,2.376717162693989,1.0869218266808973,0,0,0,0,0,1.0869218266808973
24.650000000000002,104.5435891309462,1.4564108690537978,19.07274608729513,15.093462904172359,0,64.00796150324061,1.8258295052919105,0,0,0,0,0,0,0,0.05723273066939997,1.1516529771983668,0,0.0790374669414409,0.08604934316607332,0,0,0,0,0,0,0,3.917589110574895,3.7641123386889346,0,4.88361535270123,1.3832989030788216,0.5632939207876768,0,0,0,0,0,0.41038265443863386
24.700000000000003,114.02665678504854,0.9733432149514556,32.448552858783394,15.809160150183624,0,48.23433533062397,3.5079516604090157,0,0,0,0,0,0,0,0,0.8463854043056135,0,0,0,0,0,0,0,0,0,0,4.402357368543064,3.568449070183716,0,4.716533802409512,1.723471473705766,0,0,0,0,0,0,0
24.75,101,0,27.722772277227726,12.871287128712872,0,57.42574257425742,1.9801980198019802,0,0,0,0,0,0,0,0,0,0,0,0,0,0,0,0,0,0,0,4.454083814168863,3.3321991675607046,0,4.920012021257209,1.386278649080601,0,0,0,0,0,0,0
24.8,98.58181746179889,0.4181825382011084,24.94025259333205,11.153439304351902,0,56.8056072020587,7.100700900257338,0,0,0,0,0,0,0,0.4176219332624565,0.004784670981087292,0,0,0,0,0,0,0,0,0,0,4.412410819612962,3.173370835116295,0,5.016724609272646,2.5876121714955564,0,0,0,0,0,0,0
24.85,121.42750369379064,0.5724963062093593,27.124970662326962,10.61207869294664,0,59.16432344139545,1.569283940469922,0.7646716314305122,0,0,0,0,0,0.7646716314305122,0.051496104150247135,0.09345717470020391,0,0.12970407196171735,0.07742433214739546,0.058588792212578455,0,0,0,0,0,0.058588792212578455,4.08604284390214,2.838935550581377,0,4.536099812504289,1.1899237962165734,0.9591200324079461,0,0,0,0,0,0.8990951071716621
24.900000000000002,111,0,28.82882882882883,10.81081081081081,0,55.85585585585585,2.7027027027027026,0.9009009009009009,0,0,0,0,0,0.9009009009009009,0,0,0,0,0,0,0,0,0,0,0,0,4.299362524757365,2.9472959827365983,0,4.713129975284245,1.5391751282472956,0.8968336074384397,0,0,0,0,0,0.8968336074384397
24.950000000000003,114.67219321504672,0.32780678495328175,21.526499777096156,11.32557373683709,0,63.65972251276458,3.488203973302169,0,0,0,0,0,0,0,0.27399181145364826,0.011057566766596765,0,0,0,0,0,0,0,0,0,0,3.876495923376855,2.9629824489945857,0,4.513998586632601,1.7135900902640566,0,0,0,0,0,0,0
25,110.82515730522573,2.17484269477427,17.1064778041958,17.02400143442213,0,63.16255415474993,2.70696660663214,0,0,0,0,0,0,0,0.9218752779791841,1.0027642749184,0,0,0,0,0,0,0,0,0,0,3.743615605226968,3.750413580422617,0,4.733668846189546,1.5424110832774662,0,0,0,0,0,0,0
25.05,110.43286875495687,0.5671312450431287,26.260297615150304,13.9748871227835,0,54.331650238242005,2.7165825119121,0.9055275039706999,0,0,0,0,0,1.8110550079413998,0,0.5109290495884042,0,0,0,0,0,0,0,0,0,0,4.195117750219384,3.4021251972108604,0,4.768944587807516,1.5471910849921071,0.9014605812644948,0,0,0,0,0,1.269080217086403
25.1,107.46882758196443,14.531172418035567,32.53664093400442,13.315461988763758,0,54.14789707723182,0,0,0,0,0,0,0,0,1.6666011915343706,3.0246140275028397,0,3.940893320336205,2.459016393442623,0.819672131147541,0,0,0,0,0,0,7.764432012576153,5.769745753148365,0,8.952072675799668,3.222799528604396,5.6478343641215245,0,0,0,0,0,3.7021991027003534
25.150000000000002,116.18675279834724,0.8132472016527572,23.238367641550152,18.07434969496688,0,54.38386606944323,4.303416594039733,0,0,0,0,0,0,0,8.13965307782219E-05,0,0,0.6950016818049117,0,0,0,0,0,0,0,0,3.926593870191455,3.5754655174732237,0,4.6478381505386155,1.8832729170531908,0,0,0,0,0,0,0
25.200000000000003,101.14061897750071,0.8593810224992922,19.330634385431154,13.751316570095614,0,62.16350092108925,2.8909462774371986,0.9318009229733909,0,0,0,0,0,0.9318009229733909,0.4400752257817087,0.09003265044085827,0,0.12495136306468195,0.07458729479706153,0.05644194006534092,0,0,0,0,0,0.05644194006534092,4.041976781745745,3.4729420633039,0,4.936711683384985,1.7195969470373533,1.12074989972681,0,0,0,0,0,1.0616793088103733
25.25,110,9.926125603864792E-17,25.454545454545453,10.909090909090908,0,57.27272727272727,6.363636363636363,0,0,0,0,0,0,0,0,9.023750548967994E-17,0,0,0,0,0,0,0,0,0,0,4.153334543315795,2.9724505140712694,0,4.716612264612782,2.3274405931194844,0,0,0,0,0,0,0
25.3,107.17334303632379,0.8266569636762142,26.28764041332099,14.929085485909674,0,58.78327410076933,0,0,0,0,0,0,0,0,0.7654231145150131,0,0,0,0,0,0,0,0,0,0,0,4.438159873386191,3.5179905351816414,0,4.944114599186341,0,0.958339893625874,0,0,0,0,0,0
25.35,100.13813645305345,2.8618635469465517,23.737396834373264,15.348513633322785,0,57.441044464466586,3.4730450678373708,0,0,0,0,0,0,0,1.1939933665946705,0.611926674123998,0,0.46563933409063274,0.5069489231970595,0,0,0,0,0,0,0,4.701332567371205,3.950411047727356,0,5.519994207044656,2.1878605622556684,1.5042032261570437,0,0,0,0,0,1.0828513951734644
25.400000000000002,122.02630291506648,0.9736970849335194,25.404358945117604,15.591968666222142,0,53.26720423976272,5.736468148897524,0,0,0,0,0,0,0,0,0.7916236462874142,0,0,0,0,0,0,0,0,0,0,3.95149199627513,3.423018929056353,0,4.557519887263454,2.1060962164248993,0,0,0,0,0,0,0
25.450000000000003,125.52007292350754,0.4799270764924586,21.924838221117344,7.170167918468816,0,67.7182525633166,2.3900559728229385,0.7966853242743129,0,0,0,0,0,0,0.3808945051527449,0,0,0,0,0,0,0,0,0,0,0,3.775501068818022,2.310994638349549,0,4.233820674028279,1.367782960837556,0.7960380252645262,0,0,0,0,0,0
25.5,110.26581601705402,2.7341839829459786,22.666847239288227,20.15616707538353,0,53.549388171896396,3.6275975134318585,0,0,0,0,0,0,0,0.005500819698899193,1.570476014661578,0,0.8436550089545481,0,0,0,0,0,0,0,0,4.016677139533753,4.064510632665534,0,4.872022197902038,1.7822573801131367,0,0,0,0,0,0,0
25.55,113.6420096331276,0.35799036687240005,21.118950709759183,15.524197160963269,0,58.07711445183775,5.279737677439796,0,0,0,0,0,0,0,0,0.31402663760736843,0,0,0,0,0,0,0,0,0,0,3.831942903117238,3.4547855307370576,0,4.648851687674113,2.098139745970006,0,0,0,0,0,0,0
25.6,120,0,16.666666666666664,15.833333333333332,0,64.16666666666667,3.3333333333333335,0,0,0,0,0,0,0,0,0,0,0,0,0,0,0,0,0,0,0,3.402481965757115,3.332867411293182,0,4.37822963942507,1.638837369414677,0.09590517205096363,0,0,0,0,0,0
25.650000000000002,112.4658916723929,1.5341083276071004,20.291431255968888,11.374933008346176,0,64.84557909761817,3.48805663806677,0,0,0,0,0,0,0,0.15707096919645105,1.0588422500229189,0,0.062141454155176974,0.06765438592992723,0,0,0,0,0,0,0,3.8556022457034587,3.257515002263035,0,4.65993044431157,1.7750949545802581,0.4794053494900602,0,0,0,0,0,0.3494405865315814
25.700000000000003,128.0391422265384,1.960857773461612,25.211040725125077,15.890164510886166,0,57.575527087610425,1.3232676763783342,0,0,0,0,0,0,0,0.5538459301281434,0.503361278365796,0,0.21599152662719673,0.2351533983108731,0,0,0,0,0,0,0,4.018565990131564,3.406524073809959,0,4.610079114590151,1.2032759733224765,0.8605313092552143,0,0,0,0,0,0.6244009157316102
25.75,121.97763315773409,0.022366842265910236,23.77485056010142,12.297336496604183,0,59.82870077775967,4.099112165534727,0,0,0,0,0,0,0,0,0,0,0.018333477267139537,0,0,0,0,0,0,0,0,3.85471946021471,2.9736029906188057,0,4.439418504108803,1.7952276055196663,0,0,0,0,0,0,0
25.8,130.33871299379007,1.6612870062099319,15.343896565116289,17.104351519333477,0,56.04327553469578,11.50847638085445,0,0,0,0,0,0,0,0.0007293135826275278,0.5351578513386123,0,0.7226635973590116,0,0,0,0,0,0,0,0,3.1643046224572773,3.3886232807859873,0,4.402175331886738,2.799895007139838,0,0,0,0,0,0,0
25.85,131,0,23.66412213740458,12.977099236641221,0,59.541984732824424,3.816793893129771,0,0,0,0,0,0,0,0,0,0,0,0,0,0,0,0,0,0,0,3.713418557509427,2.9360939143341422,0,4.288232190932258,1.6740303646464585,0,0,0,0,0,0,0
25.900000000000002,134.53103723101958,0.46896276898041833,21.992459789900416,11.893166312636435,0,62.39775942476427,3.7166144726988857,0,0,0,0,0,0,0,0.3061598015052301,0,0,0.04122002736915386,0,0,0,0,0,0,0,0,3.6101508259587636,2.7922002268759254,0,4.198461235105291,1.6311602072455003,0,0,0,0,0,0,0
25.950000000000003,110.22083708475309,0.7791629152469124,23.5890061150666,9.296528177498281,0,65.29992677550692,1.8145389319282001,0,0,0,0,0,0,0,0,0.678638579226536,0,0.023309993067979685,0,0,0,0,0,0,0,0,4.0527200066378075,2.9446519681390346,0,4.5925871208550575,1.2715446489213478,0,0,0,0,0,0,0
26,118.04668994992971,0.9533100500702858,26.26079563361654,15.248203916293477,0,57.6438780102959,0.8471224397940821,0,0,0,0,0,0,0,0,0,0,0.8011008824120048,0,0,0,0,0,0,0,0,4.061829708422343,3.3135000870643583,0,4.574774480362709,0.8435849240361611,0,0,0,0,0,0,0
26.05,110.03092766382997,0.9690723361700293,25.44739065142348,13.618236005425777,0,58.2078672019268,2.726506141223944,0,0,0,0,0,0,0,0,0.014169902504789634,0,0.8588682381889305,0,0,0,0,0,0,0,0,4.164830623872563,3.2771690741233006,0,4.732069447026787,1.5529243313105745,0,0,0,0,0,0,0
26.1,143,0,23.076923076923077,13.286713286713287,0,61.53846153846154,2.097902097902098,0,0,0,0,0,0,0,0,0,0,0,0,0,0,0,0,0,0,0,3.5232970185718804,2.838465283527394,0,4.068352964214962,1.1984518468489165,0,0,0,0,0,0,0
26.150000000000002,147.98045367735904,0.0195463226409629,27.017388231913518,11.488003704235835,0,60.14307821629349,1.351529847557157,0,0,0,0,0,0,0,0.013206974757407364,0,0,0,0,0,0,0,0,0,0,0,3.6516076673890066,2.6213717780821435,0,4.025585644822535,0.9491975456672858,0,0,0,0,0,0,0
26.200000000000003,109.37751396279782,10.62248603720218,20.23833193284624,12.449975161015129,0,67.13089218035412,0.1808007257844998,0,0,0,0,0,0,0,1.5531797202614446,2.818772233246515,0,2.1449158600686737,2.335203884091849,0,0,0,0,0,0,0,6.39107721760193,5.4523065657550625,0,9.072536438587218,3.0719486622507723,5.099775834413739,0,0,0,0,0,3.406332755729281
26.25,129.8348283127707,1.1651716872293036,26.119475541370406,10.148261758444693,0,60.75312597108362,2.9791367291012807,0,0,0,0,0,0,0,0.06704104936304893,0.6290242512921895,0,0.09258259603227595,0.10079613936538916,0,0,0,0,0,0,0,3.93429666706026,2.8291084989293553,0,4.421307633184293,1.5588852702399683,0.5470522408442621,0,0,0,0,0,0.3984002941237272
26.3,128.66774641966913,0.33225358033087105,22.280444957950053,13.212324357148491,0,62.95283958406046,1.554391100840999,0,0,0,0,0,0,0,0.25756091498517136,0,0,0,0,0,0,0,0,0,0,0,3.8630285941034357,3.109363452728055,0,4.514567547169354,1.132304280781319,1.0291342146325921,0,0,0,0,0,0
26.35,132.58664739970118,0.4133526002988219,25.3318475566016,6.788013858490764,0,64.10901977463499,2.262671286163588,0.7542237620545293,0,0,0,0,0,0.7542237620545293,0.3107914287961067,0,0,0,0,0,0,0,0,0,0,0,3.811587872689964,2.1850225532176584,0,4.188971692423379,1.2915832771588773,0.7513919129280145,0,0,0,0,0,0.7513919129280145
26.400000000000002,164,0,20.121951219512198,8.536585365853659,0,68.29268292682927,2.4390243902439024,0.6097560975609756,0,0,0,0,0,0,0,0,0,0,0,0,0,0,0,0,0,0,3.130594700254398,2.1819453823797157,0,3.6336652121535877,1.2045482885970604,0.6078942425350188,0,0,0,0,0,0
26.450000000000003,126.90435527882073,4.095644721179269,16.737014788020648,15.04912328901781,0,66.43871815243303,1.7751437705285071,0,0,0,0,0,0,0,1.3435109086576422,0.6885550495855624,0,0.5239489107954366,0.5704314830066025,0,0,0,0,0,0,0,3.772750561843172,3.524897381714872,0,4.8551496874163345,1.595399880826677,1.435702716323792,0,0,0,0,0,1.031519991243059
26.5,138.51411787519464,1.4858821248053573,18.371408200969963,7.68133317286616,0,70.55299373608047,3.3942648900834147,0,0,0,0,0,0,0,0.39500427798234994,0.257335081821241,0,0.19581649423344058,0.21318852082393797,0,0,0,0,0,0,0,3.469545907188002,2.393264097577965,0,4.137011447779421,1.6712369084952001,0.7861073959466913,0,0,0,0,0,0.5707470073306034
26.55,149.28963634643333,0.7103636535666737,22.77452128096921,11.581270320943075,0,61.625175230857856,4.0190331672298605,0,0,0,0,0,0,0,0,0.47357576904444915,0,0,0,0,0,0,0,0,0,0,3.4371515364406893,2.7124738412147287,0,4.010337235083908,1.6077741398859888,0,0,0,0,0,0,0
26.6,119.08208038116572,0.9179196188342758,20.223093436125925,13.436110579178791,0,61.30225451750324,3.359027644794698,0.8397569111986745,0,0,0,0,0,0.8397569111986745,0.7649330156952298,0,0,0,0,0,0,0,0,0,0,0,3.791047395179718,3.1289667663963323,0,4.517490737271233,1.6515075155123002,0.8362781053821476,0,0,0,0,0,0.8362781053821476
26.650000000000002,135.9995056884175,0.0004943115824858069,15.441232593971463,13.234978757684157,0,69.85319506796614,1.4705935803782346,0,0,0,0,0,0,0,0,0.0003634643988866227,0,0,0,0,0,0,0,0,0,0,3.0985030474389204,2.90586641893097,0,3.9350365965118144,1.0321923232289594,0,0,0,0,0,0,0
26.700000000000003,120.71447281399742,1.2855271860025823,15.34843256668912,11.597615160505123,0,71.39715010701931,1.6568021657864462,0,0,0,0,0,0,0,0.387066017958473,0,0,0.6666447902403649,0,0,0,0,0,0,0,0,3.3546818043808857,2.9183849154332773,0,4.1640123555558555,1.161998913398947,0,0,0,0,0,0,0
26.75,135.2727113224273,0.7272886775726874,16.647589297083343,7.949176005506492,0,73.18549250042751,0.7392473989942172,0.7392473989942172,0,0,0,0,0,0.7392473989942172,0.35320190295084,0.1815691834996655,0,0,0,0,0,0,0,0,0,0,3.2603927351623256,2.3751397060643606,0,3.864323484315515,0.7365393870675332,0.7365393870675332,0,0,0,0,0,0.7365393870675332
26.8,117.30763452472456,0.6923654752754373,21.906805966727372,13.510720492087607,0,63.83657766941562,0.7458958717693973,0,0,0,0,0,0,0,0.25563061060245795,0.12787574871593171,0,0.09730574107626294,0.10593830238114174,0,0,0,0,0,0,0,3.9017988657640736,3.2191229673513426,0,4.551441726729703,0.9092205860395695,0.5885156962113111,0,0,0,0,0,0.4285474768138265
26.85,143.23165196933405,0.7683480306659476,23.737769922027717,7.841599126245331,0,67.02429154454886,1.396339407178101,0,0,0,0,0,0,0,0,0.5335750212957969,0,0,0,0,0,0,0,0,0,0,3.5610589222003624,2.383618552773501,0,3.9708001109322737,0.9805178514784321,0,0,0,0,0,0,0
26.900000000000002,116.77854184665193,1.2214581533480668,19.52253433931377,8.506476947675273,0,64.26409337275369,5.994251931311207,0.8563217044730296,0,0,0,0,0,0.8563217044730296,0.17107548054023566,0.05615276100273812,0,0.8079057867180998,0,0,0,0,0,0,0,0,3.70170381568186,2.599663552499602,0,4.472882880335728,2.1981262788765545,0.85272441325454,0,0,0,0,0,0.85272441325454
26.950000000000003,142.96141173473734,0.03858826526266057,16.08825746815941,6.967902466730382,0,76.24435060997284,0.6994894551373656,0,0,0,0,0,0,0,0,0.026984800882979422,0,0,0,0,0,0,0,0,0,0,3.0731158602419093,2.1370640772317597,0,3.5624910808164856,0.6970400598199838,0,0,0,0,0,0,0
27,120.91898036340717,1.0810196365928277,11.721980075723529,13.848017513144628,0,71.94900233076078,2.4810000803710612,0,0,0,0,0,0,0,0.6769682082240699,0.2091134611143135,0,0,0,0,0,0,0,0,0,0,3.072933993329446,3.1854458506746286,0,4.178075995060379,1.414847155840813,0,0,0,0,0,0,0
27.05,130.02690415782854,0.9730958421714604,14.612360513434608,13.094908525362595,0,71.52365935523255,0.7690716059702426,0,0,0,0,0,0,0,0,0.7428212535660004,0,0,0,0,0,0,0,0,0,0,3.1016770185293048,3.101858183768292,0,4.031475794308843,0.7661529767303865,0,0,0,0,0,0,0
27.1,133,0,16.541353383458645,8.270676691729323,0,73.68421052631578,0,0.7518796992481203,0,0,0,0,0,0.7518796992481203,0,0,0,0,0,0,0,0,0,0,0,0,3.278842997397406,2.4284907328760617,0,3.9685001475148223,1.1338070946078456,0.7611151834782302,0,0,0,0,0,0.7611151834782302
27.150000000000002,130.96471054595895,0.035289454041048884,12.19008577150752,6.872080243968977,0,77.88357609831506,1.5271289431042172,0.7635644715521086,0,0,0,0,0,0.7635644715521086,0.026938514535151822,0,0,0,0,0,0,0,0,0,0,0,2.864437500512065,2.210627424950165,0,3.63006969901818,1.0715706882144131,0.7606453089767945,0,0,0,0,0,0.7606453089767945
27.200000000000003,127.58630311849635,0.4136968815036539,13.000449179532444,14.108097468176048,0,69.75632058158571,0.783783192676447,1.567566385352894,0,0,0,0,0,0.783783192676447,0.32281836174661294,0,0,0.000382326928116683,0,0,0,0,0,0,0,0,3.041236203647485,3.083468305240147,0,4.096641019751805,0.7807255672595671,1.0997715486622313,0,0,0,0,0,0.7807255672595671
27.25,124.81616346957162,1.1838365304283798,13.323470526844162,11.216496013685758,0,74.65885517277823,0.8011782866918399,0,0,0,0,0,0,0,0.2937740058682504,0,0,0.6457787960590352,0,0,0,0,0,0,0,0,3.1028718007502465,2.827997999808672,0,3.935704638017454,0.7980235229162432,0,0,0,0,0,0,0
27.3,131.22338399894943,1.77661600105057,10.066126734055718,10.892841810111042,0,77.62800701666495,1.4130244391682962,0,0,0,0,0,0,0,0.5946525277813224,0.5308604233984002,0,0.10067839232357428,0.10961016104600385,0,0,0,0,0,0,0,2.79700622927182,2.871033445668267,0,3.876238570445208,1.1192718444378291,0.5685515079275008,0,0,0,0,0,0.41395437709784666
27.35,141.80497032025596,1.1950296797440387,16.776789052910008,9.604364161088595,0,72.43077314403445,1.1880736419669549,0,0,0,0,0,0,0,0.14662885512518403,0.26610786847483653,0,0.20249205620282076,0.22045631092725568,0,0,0,0,0,0,0,3.2816184186837876,2.6051064062745146,0,4.005002688657306,1.0919892935123066,0.7900839765801042,0,0,0,0,0,0.5735326148958825
27.400000000000002,112.24610326765105,0.7538967323489487,15.1452919122399,5.564650429562981,0,79.29005765819713,0,0,0,0,0,0,0,0,0,0.6671652498663263,0,0,0,0,0,0,0,0,0,0,3.3877485132876766,2.3976926686903672,0,3.921960436422328,0,0,0,0,0,0,0,0
27.450000000000003,135.42362582607893,2.5763741739210673,10.972483254883224,8.613232715588904,0,78.52608191021469,1.320677854991412,0.5675242643217729,0,0,0,0,0,0,0.10193140078099795,0.9678608374720763,0,0.4761830855294239,0.15325374151343832,0.16770874189324272,0,0,0,0,0,0,2.7780545014531177,2.6867921911128345,0,3.8232836216554764,1.1032137433742284,0.996085286320181,0,0,0,0,0,0.4846627915319052
27.5,110,2,12.727272727272727,9.090909090909092,0,78.18181818181819,0,0,0,0,0,0,0,0,0,0,0,0,1.7857142857142856,0,0,0,0,0,0,0,3.2694643781372767,2.8161140698534473,0,4.399543119068958,2.0130694158066373,0.938596555343196,0,0,0,0,0,0
27.55,132.82525920835178,1.1747407916482189,16.53413273860877,7.50971141506431,0,74.49399245600486,1.462163390322066,0,0,0,0,0,0,0,0.028727859768620346,0.765079363538543,0,0.03967270571755857,0.04319230354857568,0,0,0,0,0,0,0,3.2565457648840184,2.507283517986715,0,3.9126388996738273,1.0770255987568165,0.35056974630875565,0,0,0,0,0,0.255700394213567
27.6,125.73604313410334,0.26395686589665956,13.52038729409411,10.92450723890938,0,73.96447166769133,1.5906337993051898,0,0,0,0,0,0,0,0,0.20948957610845997,0,0,0,0,0,0,0,0,0,0,3.0504508474246976,2.829173538831995,0,3.9367663859901003,1.1158046371825012,0,0,0,0,0,0,0
27.650000000000002,126.8521350158262,0.14786498417379335,13.401429938785864,3.9415970408193717,0,81.08033420406701,1.5766388163277487,0,0,0,0,0,0,0,0,0,0,0.11642912139668768,0,0,0,0,0,0,0,0,3.0252437157181213,1.727729201076442,0,3.4784334586765517,1.1060491390104545,0,0,0,0,0,0,0
27.700000000000003,138.06183137162589,0.9381686283741146,11.714518394376704,4.989469335258392,0,81.12307281983364,2.172939450531258,0,0,0,0,0,0,0,0.5947635743579418,0.08017788490401112,0,0,0,0,0,0,0,0,0,0,2.8580981080177965,1.8818449680082845,0,3.4263125919236845,1.241029316383372,0,0,0,0,0,0,0
27.75,100,0,8,9,0,83,0,0,0,0,0,0,0,0,0,0,0,0,0,0,0,0,0,0,0,0,2.7129319932501073,2.861817604250837,0,3.75632799419859,0,0,0,0,0,0,0,0
27.8,111.40662709320895,1.5933729067910463,6.929953676843032,9.418309548924798,0,83.13142365233271,0.5203131218994542,0,0,0,0,0,0,0,0.24740915885607226,0.4490079666772215,0,0.3416680127167992,0.37197938103401884,0,0,0,0,0,0,0,2.931508894878391,3.0609858882478727,0,4.334044160130424,1.1258125461598225,1.2088232075816603,0,0,0,0,0,0.873540504366607
27.85,116.43320321617648,0.56679678382352,9.447476919085338,8.101815423442625,0,80.7329845812747,1.717723076197334,0,0,0,0,0,0,0,0,0.484441695575658,0,0,0,0,0,0,0,0,0,0,2.71200343169018,2.6647268996844398,0,3.7288687850176085,1.2042390433460097,0,0,0,0,0,0,0
27.900000000000002,128.97518703210517,2.0248129678948317,10.471006486511907,5.329240272968803,0,83.58736285141354,0.6123903891057514,0,0,0,0,0,0,0,0.37786244265450775,0.8600018248459651,0,0.14736063143892486,0.1604338551787944,0,0,0,0,0,0,0,2.9058283859671925,2.357305961658752,0,3.853254759014481,0.8838309160954717,1.1022766134864261,0,0,0,0,0,0.9799451450397764
27.950000000000003,126.43317557039663,0.5668244296033721,8.700116349142622,3.506470648906479,0,86.21154970461845,1.5818632973324487,0,0,0,0,0,0,0,0.00013119799978461184,0.4461872505068075,0,0,0,0,0,0,0,0,0,0,2.507601505636879,1.826541709185749,0,3.1510450407536266,1.1097440190771044,0,0,0,0,0,0,0
28,138.9697581852015,0.030241814798500855,12.211115862046999,5.75664814019364,0,79.87349294518674,2.158743052572615,0,0,0,0,0,0,0,0.021756701293885506,0,0,0,0,0,0,0,0,0,0,0,2.781734497521058,1.9758584397912005,0,3.404082944156607,1.2328306482224876,0,0,0,0,0,0,0
28.05,106,0,7.547169811320755,8.49056603773585,0,83.01886792452831,0.9433962264150944,0,0,0,0,0,0,0,0,0,0,0,0,0,0,0,0,0,0,0,2.5656607684908868,2.7073744367693204,0,3.6468574750367835,0.9389356991742922,0,0,0,0,0,0,0
28.1,128.93641384178773,1.0635861582122743,3.016534211068591,2.3267282768397526,0,93.88116141981175,0.7755760922799176,0,0,0,0,0,0,0,0.0850684353365348,0,0,0.7330747632882916,0,0,0,0,0,0,0,0,1.5476300468642212,1.3278781697191446,0,2.139345608024514,0.7726124573386488,0,0,0,0,0,0,0
28.150000000000002,120.91340775613207,0.0865922438679263,4.135190706132776,7.371728182625829,0,87.66604297001483,0.8270381412265551,0,0,0,0,0,0,0,0,0.07156383790737711,0,0,0,0,0,0,0,0,0,0,1.8107294408509351,2.3976872411524774,0,3.0055859305638597,0.8236159990877749,0,0,0,0,0,0,0
28.200000000000003,118,2,5.932203389830509,4.23728813559322,0,88.13559322033898,0,0.847457627118644,0,0,0,0,0,0.847457627118644,0,0,0,0,1.6666666666666667,0,0,0,0,0,0,0,2.1793410519195606,1.8577876299553284,0,3.345323442923541,1.7247611201296074,0.8448769687694551,0,0,0,0,0,0.8448769687694551
28.25,124.54475059847755,0.4552494015224511,4.753409643811734,3.89822497339235,0,88.23309654867582,3.1152688341201005,0,0,0,0,0,0,0,0.06390225135255605,0.11597234329674394,0,0.08824796651024372,0.09607696005841716,0,0,0,0,0,0,0,1.9835550006560496,1.8032651216610234,0,3.0567266528418577,1.6204779787114574,0.5433816604450733,0,0,0,0,0,0.39578599271316683
28.3,151.00710616220022,0.9928938377997838,6.5960820701963865,4.63554343759236,0,87.443933510042,1.3244409821692456,0,0,0,0,0,0,0,0.025952201126768302,0,0,0.6272674290046685,0,0,0,0,0,0,0,0,2.028241264493444,1.7115266441552108,0,2.7037938371606263,0.9303807902832693,0,0,0,0,0,0,0
28.35,120.0264511113055,0.973548888694495,6.665197484328907,9.186684276018642,0,82.48181886857023,1.6662993710822267,0,0,0,0,0,0,0,0,0.8045858584252025,0,0,0,0,0,0,0,0,0,0,2.277934567286746,2.839961373577942,0,3.5997136990923932,1.1685543273970513,0,0,0,0,0,0,0
28.400000000000002,116,0,8.620689655172415,1.7241379310344827,0,88.79310344827587,0.8620689655172413,0,0,0,0,0,0,0,0,0,0,0,0,0,0,0,0,0,0,0,2.6059492204450794,1.208594016067546,0,2.9288916416826836,0.8583451080844774,0,0,0,0,0,0,0
28.450000000000003,138.65176972723566,0.34823027276434004,5.0486192954989555,1.9125394017345654,0,93.03884130276649,0,0,0,0,0,0,0,0,0,0.25052537608945324,0,0,0,0,0,0,0,0,0,0,1.8596543615247831,1.3044378734962943,0,2.2326468844687257,0,0,0,0,0,0,0,0
28.5,135,0,3.7037037037037033,5.185185185185185,0,87.4074074074074,2.2222222222222223,0.7407407407407408,0,0,0,0,0,0.7407407407407408,0,0,0,0,0,0,0,0,0,0,0,0,1.625384169393539,1.9083294480578685,0,2.855385906404015,1.2686649460410002,0.7379921570850995,0,0,0,0,0,0.7379921570850995
28.55,144.02667153812945,0.9733284618705511,6.9431584394787675,1.40715015940149,0,90.26105971322399,0,0.6943158439478768,0,0,0,0,0,0.6943158439478768,0,0.671261008186587,0,0,0,0,0,0,0,0,0,0,2.1190934155012444,1.3694772072964527,0,2.6206698584333776,0,0.6919339643907897,0,0,0,0,0,0.6919339643907897
28.6,132,0,0.7575757575757576,4.545454545454546,0,94.6969696969697,0,0,0,0,0,0,0,0,0,0,0,0,0,0,0,0,0,0,0,0,0.7547006968906226,1.8130091709487854,0,1.9504873126683229,0,0,0,0,0,0,0,0
28.650000000000002,130.682178118499,0.3178218815010041,3.8260764183668092,2.052443689809693,0,92.59104932447677,1.5304305673467236,0,0,0,0,0,0,0,0,0.24261212328320925,0,0,0,0,0,0,0,0,0,0,1.6781830103526116,1.3767384108685117,0,2.359764909783803,1.0739055037751455,0,0,0,0,0,0,0
28.700000000000003,137.25456238348852,0.7454376165114809,2.818999857743995,3.4699245141729893,0,92.39720217995878,1.3138734481242345,0,0,0,0,0,0,0,0.09477832004515643,0.17200745872063292,0,0.13088731399308756,0.1424990931190078,0,0,0,0,0,0,0,1.5399016360232454,1.6626553083511482,0,2.554296634115403,1.0888972158417003,0.6359844111973524,0,0,0,0,0,0.46265793928600524
28.75,153,0,3.2679738562091507,5.228758169934641,0,90.84967320261438,0.6535947712418301,0,0,0,0,0,0,0,0,0,0,0,0,0,0,0,0,0,0,0,1.4374035517426582,1.7996657369259987,0,2.33095705223066,0.6514553390818318,0,0,0,0,0,0,0
28.8,151.984271356936,0.01572864306399424,3.2898141073147427,4.59539088787247,0,90.79886936188689,1.315925642925897,0,0,0,0,0,0,0,0,0.010347791489469895,0,0,0,0,0,0,0,0,0,0,1.4468516182165632,1.7020710160558408,0,2.346953940729624,0.9243586025643525,0,0,0,0,0,0,0
28.85,155.76242813181943,0.23757186818056653,1.926010037196611,2.4238963402045424,0,95.65009362259885,0,0,0,0,0,0,0,0,0,0.1438975673712169,0,0.008392091718889834,0,0,0,0,0,0,0,0,1.1012548871070735,1.3017763667643378,0,1.685377001719919,0,0,0,0,0,0,0,0
28.900000000000002,156,0,3.205128205128205,0,0,94.23076923076923,1.9230769230769231,0.641025641025641,0,0,0,0,0,0,0,0,0,0,0,0,0,0,0,0,0,0,1.4102190539550579,0,0,1.8667795065272133,1.0995612978785878,0.6389677684886641,0,0,0,0,0,0
28.950000000000003,156.9842716731264,0.015728326873613696,1.2740129814816177,3.175013407397059,0,94.91396712038052,0.6370064907408088,0,0,0,0,0,0,0,0,0.010018042594658405,0,0,0,0,0,0,0,0,0,0,0.8951074237878932,1.403658110360052,0,1.7568596544516077,0.6349747708791349,0,0,0,0,0,0,0
29,155.80463167018024,0.1953683298197575,5.1346355459669795,1.8000951833815262,0,93.0652692706515,0,0,0,0,0,0,0,0,0,0.12523610885881892,0,0,0,0,0,0,0,0,0,0,1.7682674097920632,1.1356829929548533,0,2.0692189279197883,0,0,0,0,0,0,0,0
29.05,158,0,3.1645569620253164,1.89873417721519,0,93.67088607594937,0,0.6329113924050633,0,0,0,0,0,0.6329113924050633,0,0,0,0,0,0,0,0,0,0,0,0,1.3926599524901269,1.085777520646135,0,1.9370696081240986,0,0.6309053290626772,0,0,0,0,0,0.6309053290626772
29.1,162,0,0.6172839506172839,1.2345679012345678,0,93.82716049382715,1.8518518518518516,1.2345679012345678,0,0,0,0,0,1.2345679012345678,0,0,0,0,0,0,0,0,0,0,0,0,0.6153758040098203,0.8675658875633414,0,1.8908160153758877,1.0592212079204733,0.8675658875633414,0,0,0,0,0,0.8675658875633414
29.150000000000002,183,0,2.185792349726776,2.73224043715847,0,93.44262295081968,0.546448087431694,0.546448087431694,0,0,0,0,0,0.546448087431694,0,0,0,0,0,0,0,0,0,0,0,0,1.0808859621902096,1.2050869091154084,0,1.829835477618834,0.5449530146233326,0.5449530146233326,0,0,0,0,0,0.5449530146233326
29.200000000000003,182.02657811483368,0.9734218851663172,1.0987406458513305,1.113341873380266,0,96.68917683491706,1.0987406458513305,0,0,0,0,0,0,0,0,0.5319245274132881,0,0,0,0,0,0,0,0,0,0,0.7726928679114293,1.0859969448445035,0,1.5191965392188347,0.7726928679114293,0,0,0,0,0,0,0
29.25,158,0,2.5316455696202533,1.89873417721519,0,93.67088607594937,0,0.6329113924050633,0,0,0,0,0,1.2658227848101267,0,0,0,0,0,0,0,0,0,0,0,0,1.2496969953559007,1.085777520646135,0,1.9370696081240986,0,0.6309053290626772,0,0,0,0,0,0.8893888214310475
29.3,150.29693596530706,7.703064034692943,1.5984648661480823,0.06699498876860217,0,98.33454014508331,0,0,0,0,0,0,0,0,1.0111115719604342,1.8350054333104364,0,1.3963285863069417,0.6329113924050633,0,0,0,0,0,0,0,2.5821516662125643,1.9861600076529342,0,5.48596215574938,1.5322936309301056,2.7359470240990067,0,0,0,0,0,1.8990978624875896
29.35,168,0,1.1904761904761905,1.1904761904761905,0,96.42857142857143,1.1904761904761905,0,0,0,0,0,0,0,0,0,0,0,0,0,0,0,0,0,0,0,0.8367681076601763,0.8367681076601763,0,1.4317566531022734,0.8367681076601763,0,0,0,0,0,0,0
29.400000000000002,191,0,0.5235602094240838,2.094240837696335,0,96.8586387434555,0.5235602094240838,0,0,0,0,0,0,0,0,0,0,0,0,0,0,0,0,0,0,0,0.5223026653100985,1.0363274669790499,0,1.2666914731194938,0.5223026653100985,0.061881821883867476,0,0,0,0,0,0.0875237076088764
29.450000000000003,185.0466373441741,0.953362655825913,0.5404043079907841,1.6212129239723525,0,95.67676553607373,0,1.0808086159815682,0,0,0,0,0,1.0808086159815682,0,0,0,0.5125605676483403,0,0,0,0,0,0,0,0,0.5389572322201747,0.9284681937965842,0,1.4954369866616561,0,0.7601486436610463,0,0,0,0,0,0.7601486436610463
29.5,179.0460840514861,0.9539159485138953,0,1.117030853031605,0,96.64890744090519,1.117030853031605,0.5585154265158025,0,0,0,0,0,0.5585154265158025,0,0,0,0.5299533047299418,0,0,0,0,0,0,0,0,0,0.7854834819307351,0,1.3452081339334585,0.7854834819307351,0.5569702109849074,0,0,0,0,0,0.5569702109849074
29.55,161,0,0,0.6211180124223602,0,98.75776397515527,0,0.6211180124223602,0,0,0,0,0,0,0,0,0,0,0,0,0,0,0,0,0,0,0,0.619186069912083,0,0.872920606917764,0,0.619186069912083,0,0,0,0,0,0
29.6,192,0,0,0.5208333333333333,0,98.4375,1.0416666666666665,0,0,0,0,0,0,0,0,0,0,0,0,0,0,0,0,0,0,0,0,0.5194752258500791,0,0.8950343154210625,0.7327232211863772,0,0,0,0,0,0,0
29.650000000000002,178.04691369086504,0.9530863091349602,0,0,0,100,0,0,0,0,0,0,0,0,0,0,0,0.5324504520307041,0,0,0,0,0,0,0,0,0,0,0,0,0,0,0,0,0,0,0,0
29.700000000000003,188,0,0.5319148936170213,0,0,99.46808510638297,0,0,0,0,0,0,0,0,0,0,0,0,0,0,0,0,0,0,0,0,0.5304983401203829,0,0,0.5304983401203829,0,0,0,0,0,0,0,0
29.75,202.04678390780464,0.9532160921953619,0.49493487629890065,0,0,98.5151953711033,0.9898697525978013,0,0,0,0,0,0,0,0,0,0,0.46956457743613883,0,0,0,0,0,0,0,0,0.49372013969923195,0,0,0.8509247889441311,0.6965035834972427,0,0,0,0,0,0,0
29.8,183,0,0,0.546448087431694,0,99.4535519125683,0,0,0,0,0,0,0,0,0,0,0,0,0,0,0,0,0,0,0,0,0,0.5449530146233326,0,0.5449530146233326,0,0,0,0,0,0,0,0
29.85,189.98426453353386,0.01573546646613977,0.5263593816336781,0.5180768712348433,0,97.90284498386413,1.0527187632673563,0,0,0,0,0,0,0,0,0.008281824455863037,0,0,0,0,0,0,0,0,0,0,0.5249725130279626,0.529066062137699,0,1.043582723582507,0.7404567242398447,0,0,0,0,0,0,0
29.900000000000002,186,0,0.5376344086021506,0.5376344086021506,0,98.9247311827957,0,0,0,0,0,0,0,0,0,0,0,0,0,0,0,0,0,0,0,0,0.5361872070306644,0.5361872070306644,0,0.7562310290562069,0,0,0,0,0,0,0,0
29.950000000000003,184,0,0,0,0,99.45652173913044,0.5434782608695652,0,0,0,0,0,0,0,0,0,0,0,0,0,0,0,0,0,0,0,0,0,0,0.6490421762130761,0.543262727430216,0.35708164955637345,0,0,0,0,0,0
30,183,0,0.546448087431694,0,0,96.72131147540983,0.546448087431694,1.092896174863388,0,0,0,0,0,1.092896174863388,0,0,0,0,0,0,0,0,0,0,0,0,0.5449530146233326,0,0,1.3163931804599283,0.5449530146233326,0.7685597752112193,0,0,0,0,0,0.7685597752112193
30.05,185.02665053028613,0.9733494697138667,0,0.014403617105834704,0,99.98559638289417,0,0,0,0,0,0,0,0,0,0.5233061665128316,0,0,0,0,0,0,0,0,0,0,0,0.7591115135433346,0,0.7591115135433346,0,0,0,0,0,0,0,0
30.1,199,0,0.5025125628140703,0.5025125628140703,0,98.99497487437185,0,0,0,0,0,0,0,0,0,0,0,0,0,0,0,0,0,0,0,0,0.5012483782633752,0.5012483782633752,0,0.7070799072769107,0,0,0,0,0,0,0,0
30.150000000000002,207,0,0.4830917874396135,0,0,99.51690821256038,0,0,0,0,0,0,0,0,0,0,0,0,0,0,0,0,0,0,0,0,0.4819234863642938,0,0,0.4819234863642938,0,0,0,0,0,0,0,0
30.200000000000003,209,0,0,0,0,100,0,0,0,0,0,0,0,0,0,0,0,0,0,0,0,0,0,0,0,0,0,0,0,0,0,0,0,0,0,0,0,0
30.25,200,0,0.5,0,0,99.5,0,0,0,0,0,0,0,0,0,0,0,0,0,0,0,0,0,0,0,0,0.4987484335815001,0,0,0.4987484335815001,0,0,0,0,0,0,0,0
30.3,173,0,0,1.1560693641618496,0,97.6878612716763,0,0.5780346820809248,0,0,0,0,0,0.5780346820809248,0,0,0,0,0,0,0,0,0,0,0,0,0,0.8127255224280592,0,1.142626240058517,0,0.5763616404183126,0,0,0,0,0,0.5763616404183126
30.35,194.04669068241492,0.9533093175850809,0,0,0,100,0,0,0,0,0,0,0,0,0,0,0,0.48887657312055427,0,0,0,0,0,0,0,0,0,0,0,0,0,0,0,0,0,0,0,0
30.400000000000002,156,0,0,0,0,100,0,0,0,0,0,0,0,0,0,0,0,0,0,0,0,0,0,0,0,0,0,0,0,0,0,0,0,0,0,0,0,0
30.450000000000003,167,0,0.5988023952095809,0,0,99.40119760479041,0,0,0,0,0,0,0,0,0,0,0,0,0,0,0,0,0,0,0,0,0.5970068817367302,0,0,0.5970068817367302,0,0,0,0,0,0,0,0
30.5,185,3.817419948455665E-16,0,0.5405405405405406,0,98.37837837837839,0,0.5405405405405406,0,0,0,0,0,0.5405405405405406,0,0,0,2.0634702424084674E-16,0,0,0,0,0,0,0,0,0,0.5390776405901563,0,0.9286214877177292,0,0.5390776405901563,0,0,0,0,0,0.5390776405901563
30.55,193.04665352543816,0.9533464745618403,0,0,0,100,0,0,0,0,0,0,0,0,0,0,0,0.49141570853703104,0,0,0,0,0,0,0,0,0,0,0,0,0,0,0,0,0,0,0,0
30.6,188,0,0,0.5319148936170213,0,99.46808510638297,0,0,0,0,0,0,0,0,0,0,0,0,0,0,0,0,0,0,0,0,0,0.5304983401203829,0,0.5304983401203829,0,0,0,0,0,0,0,0
30.650000000000002,163,0,0,0,0,100,0,0,0,0,0,0,0,0,0,0,0,0,0,0,0,0,0,0,0,0,0,0,0,0,0,0,0,0,0,0,0,0
30.700000000000003,178,0,0,0,0,100,0,0,0,0,0,0,0,0,0,0,0,0,0,0,0,0,0,0,0,0,0,0,0,0,0,0,0,0,0,0,0,0
30.75,183,0,0,0,0,100,0,0,0,0,0,0,0,0,0,0,0,0,0,0,0,0,0,0,0,0,0,0,0,0,0,0,0,0,0,0,0,0
30.8,189.9842634742854,0.015736525714601157,0,0.5180763165779886,0,99.48192368342201,0,0,0,0,0,0,0,0,0,0.008282381955053241,0,0,0,0,0,0,0,0,0,0,0,0.5290663396585534,0,0.5290663396585534,0,0,0,0,0,0,0,0
30.85,189,0,0.5291005291005291,0,0,99.47089947089947,0,0,0,0,0,0,0,0,0,0,0,0,0,0,0,0,0,0,0,0,0.5276989358328716,0,0,0.5276989358328716,0,0,0,0,0,0,0,0
30.900000000000002,199,0,0.5025125628140703,0,0,99.49748743718592,0,0,0,0,0,0,0,0,0,0,0,0,0,0,0,0,0,0,0,0,0.5012483782633752,0,0,0.5012483782633752,0,0,0,0,0,0,0,0
30.950000000000003,166,0,0,0,0,99.3975903614458,0.6024096385542169,0,0,0,0,0,0,0,0,0,0,0,0,0,0,0,0,0,0,0,0,0,0,0.6005924107681357,0.6005924107681357,0,0,0,0,0,0,0
31,204,0,0.49019607843137253,0,0,99.01960784313727,0,0.49019607843137253,0,0,0,0,0,0,0,0,0,0,0,0,0,0,0,0,0,0,0.48899314145631173,0,0,0.6898353274124611,0,0.48899314145631173,0,0,0,0,0,0
31.05,198,0,0,0,0,98.98989898989899,0.5050505050505051,0.5050505050505051,0,0,0,0,0,0,0,0,0,0,0,0,0,0,0,0,0,0,0,0,0,0.7106327986681298,0.503773510579516,0.503773510579516,0,0,0,0,0,0
31.1,190,0,0,0,0,100,0,0,0,0,0,0,0,0,0,0,0,0,0,0,0,0,0,0,0,0,0,0,0,0,0,0,0,0,0,0,0,0
31.150000000000002,225,0,0.4444444444444444,0,0,99.55555555555556,0,0,0,0,0,0,0,0,0,0,0,0,0,0,0,0,0,0,0,0,0.443455690284319,0,0,0.443455690284319,0,0,0,0,0,0,0,0
31.200000000000003,181,0,0,0,0,100,0,0,0,0,0,0,0,0,0,0,0,0,0,0,0,0,0,0,0,0,0,0,0,0,0,0,0,0,0,0,0,0
31.25,197,0,0.5076142131979695,0,0,98.47715736040608,0,0.5076142131979695,0,0,0,0,0,0.5076142131979695,0,0,0,0,0,0,0,0,0,0,0,0,0.5063242131120482,0,0,0.8724934053666259,0,0.5063242131120482,0,0,0,0,0,0.5063242131120482
31.3,174.78216123650782,1.217838763492182,0.4931507737914194,0,0,99.50684922620859,0,0,0,0,0,0,0,0,0.0784434201209065,0,0,0.6135104227723787,0,0,0,0,0,0,0,0,0.7076209756751212,0.29163925315552314,0,1.0351131960805484,0.26534674063593544,0.5123590491310914,0,0,0,0,0,0.37296159211650887
31.35,206.04666491225362,0.9533350877463818,0,0,0,100,0,0,0,0,0,0,0,0,0,0,0,0.4605483515683004,0,0,0,0,0,0,0,0,0,0,0,0,0,0,0,0,0,0,0,0
31.400000000000002,234,0,0.4273504273504274,0,0,99.57264957264957,0,0,0,0,0,0,0,0,0,0,0,0,0,0,0,0,0,0,0,0,0.426436307742495,0,0,0.426436307742495,0,0,0,0,0,0,0,0
31.450000000000003,174,0,0,0,0,100,0,0,0,0,0,0,0,0,0,0,0,0,0,0,0,0,0,0,0,0,0,0.12427035877103476,0,0.12427035877103476,0,0,0,0,0,0,0,0
31.5,197.74796751950635,0.25203248049365357,0,0,0,99.0527758113909,0,0.47361209430454915,0,0,0,0,0,0.47361209430454915,0,0,0,0.06320659662690954,0,0.032041267467770876,0,0,0,0,0,0.032041267467770876,0.2897843543143481,0.20720583605680876,0,0.9372871226189072,0.1885559197115046,0.6242827770812498,0,0,0,0,0,0.5731457757777151
31.55,206,0,0.48543689320388345,0,0,99.51456310679612,0,0,0,0,0,0,0,0,0,0,0,0,0,0,0,0,0,0,0,0,0.4842572149274052,0,0,0.4842572149274052,0,0,0,0,0,0,0,0
31.6,209,0,0,0,0,100,0,0,0,0,0,0,0,0,0,0,0,0,0,0,0,0,0,0,0,0,0,0,0,0,0,0,0,0,0,0,0,0
31.650000000000002,214,0,0,0,0,100,0,0,0,0,0,0,0,0,0,0,0,0,0,0,0,0,0,0,0,0,0,0,0,0,0,0,0,0,0,0,0,0
31.700000000000003,202,0,0,0,0,98.01980198019803,0,0.9900990099009901,0,0,0,0,0,0.9900990099009901,0,0,0,0,0,0,0,0,0,0,0,0,0,0,0,0.9802470333790192,0,0.6966312324062296,0,0,0,0,0,0.6966312324062296
31.75,181,0,0,0,0,100,0,0,0,0,0,0,0,0,0,0,0,0,0,0,0,0,0,0,0,0,0,0,0,0,0,0,0,0,0,0,0,0
31.8,168,0,0.5952380952380952,0,0,99.40476190476191,0,0,0,0,0,0,0,0,0,0,0,0,0,0,0,0,0,0,0,0,0.5934639091896289,0,0,0.5934639091896289,0,0,0,0,0,0,0,0
31.85,238,0,0,0,0,100,0,0,0,0,0,0,0,0,0,0,0,0,0,0,0,0,0,0,0,0,0,0,0,0,0,0,0,0,0,0,0,0
31.900000000000002,186,0,0,0,0,99.46236559139786,0,0.5376344086021506,0,0,0,0,0,0,0,0,0,0,0,0,0,0,0,0,0,0,0,0,0,0.5361872070306644,0,0.5361872070306644,0,0,0,0,0,0
31.950000000000003,200.0466603175737,0.9533396824263036,0,0,0,100,0,0,0,0,0,0,0,0,0,0,0,0.47429834946582267,0,0,0,0,0,0,0,0,0,0,0,0,0,0,0,0,0,0,0,0
32,191,0,0,0,0,100,0,0,0,0,0,0,0,0,0,0,0,0,0,0,0,0,0,0,0,0,0,0,0,0,0,0,0,0,0,0,0,0
32.050000000000004,210,0,0,0,0,100,0,0,0,0,0,0,0,0,0,0,0,0,0,0,0,0,0,0,0,0,0,0,0,0,0,0,0,0,0,0,0,0
32.1,210.0314617999411,0.9685382000589016,0,0.46863037624626447,0,99.53136962375375,0,0,0,0,0,0,0,0,0,0.007454393521993768,0,0.4515684501078174,0,0,0,0,0,0,0,0,0,0.4786984088418876,0,0.4786984088418876,0,0,0,0,0,0,0,0
32.15,202,0,0,0,0,99.00990099009901,0,0.49504950495049505,0,0,0,0,0,0.49504950495049505,0,0,0,0,0,0,0,0,0,0,0,0,0.004037459913629065,0,0,0.6966429310974306,0,0.4938227775872589,0,0,0,0,0,0.4938227775872589
32.2,202.04599202470854,0.9540079752914608,0,0,0,100,0,0,0,0,0,0,0,0,0,0,0,0.4699546676312614,0,0,0,0,0,0,0,0,0,0,0,0,0,0,0,0,0,0,0,0
32.25,208.04633309645578,0.9536669035442173,0,0,0,99.51933783926084,0,0.480662160739153,0,0,0,0,0,0,0,0,0,0.45629995384890776,0,0,0,0,0,0,0,0,0,0,0,0.4795162046282812,0,0.4795162046282812,0,0,0,0,0,0
32.300000000000004,240,3,0,0.4166666666666667,0,98.75,0,0.4166666666666667,0,0,0,0,0,0.4166666666666667,0,0,0,0.823045267489712,0,0.411522633744856,0,0,0,0,0,0,0,0.41878933154476133,0,0.9821817611241519,0,0.79108894261007,0,0,0,0,0,0.41878933154476133
32.35,216,0,0,0,0,100,0,0,0,0,0,0,0,0,0,0,0,0,0,0,0,0,0,0,0,0,0,0,0,0,0,0,0,0,0,0,0,0
32.4,214,0,0.46728971962616817,0,0,99.06542056074767,0,0.46728971962616817,0,0,0,0,0,0,0,0,0,0,0,0,0,0,0,0,0,0,0.46619664276160266,0,0,0.6577521377784732,0,0.46619664276160266,0,0,0,0,0,0
32.45,192,0,0,0.5208333333333333,0,99.47916666666666,0,0,0,0,0,0,0,0,0,0,0,0,0,0,0,0,0,0,0,0,0,0.5194752258500791,0,0.5194752258500791,0,0,0,0,0,0,0,0
32.5,236,0,0,0,0,100,0,0,0,0,0,0,0,0,0,0,0,0,0,0,0,0,0,0,0,0,0,0,0,0,0,0,0,0,0,0,0,0
32.550000000000004,205,0,0.975609756097561,0,0,99.02439024390245,0,0,0,0,0,0,0,0,0,0,0,0,0,0,0,0,0,0,0,0,0.6864868542381365,0,0,0.6864868542381365,0,0,0,0,0,0,0,0
32.6,213,0,0,0,0,100,0,0,0,0,0,0,0,0,0,0,0,0,0,0,0,0,0,0,0,0,0,0,0,0,0,0,0,0,0,0,0,0
32.65,231,0,0,0.4329004329004329,0,98.7012987012987,0,0.4329004329004329,0,0,0,0,0,0.4329004329004329,0,0,0,0,0,0,0,0,0,0,0,0,0,0.43196240269112807,0,0.7449207657301123,0,0.43196240269112807,0,0,0,0,0,0.43196240269112807
32.7,201,0,0,0.4975124378109453,0,99.00497512437812,0,0.4975124378109453,0,0,0,0,0,0,0,0,0,0,0,0,0,0,0,0,0,0,0,0.49627330154608607,0,0.7000796438667749,0,0.49627330154608607,0,0,0,0,0,0
32.75,230,0,0.43478260869565216,0,0,99.56521739130434,0,0,0,0,0,0,0,0,0,0,0,0,0,0,0,0,0,0,0,0,0.43760576695279285,0,0,0.6183685616069291,0,0.43883604293468464,0,0,0,0,0,0
32.800000000000004,219.04691369086504,0.9530863091349602,0.9130464183679601,0,0,96.80433753571214,0,1.36956962755194,0,0,0,0,0,0.9130464183679601,0,0,0,0.4332210496068,0,0,0,0,0,0,0,0,0.6426929102365199,0,0,1.1885615076523468,0,0.785335429716619,0,0,0,0,0,0.6426929102365199
32.85,197,0,0.5076142131979695,0,0,99.49238578680203,0,0,0,0,0,0,0,0,0,0,0,0,0,0,0,0,0,0,0,0,0.5063242131120482,0,0,0.5063242131120482,0,0,0,0,0,0,0,0
32.9,207,0,0,0,0,100,0,0,0,0,0,0,0,0,0,0,0,0,0,0,0,0,0,0,0,0,0,0,0,0,0,0,0,0,0,0,0,0
32.95,201,0,0,0,0,100,0,0,0,0,0,0,0,0,0,0,0,0,0,0,0,0,0,0,0,0,0,0,0,0,0,0,0,0,0,0,0,0
33,214,0,0.46728971962616817,0.46728971962616817,0,99.06542056074767,0,0,0,0,0,0,0,0,0,0,0,0,0,0,0,0,0,0,0,0,0.46619664276160266,0.46619664276160266,0,0.6577521377784732,0,0,0,0,0,0,0,0
33.050000000000004,228,0,0.8771929824561403,0,0,99.12280701754386,0,0,0,0,0,0,0,0,0,0,0,0,0,0,0,0,0,0,0,0,0.6175426354950233,0,0,0.6175426354950233,0,0,0,0,0,0,0,0
33.1,212.6325384810625,0.367461518937489,0.44046924717117764,0,0,98.686808185084,0,0.4363612838724082,0,0,0,0,0,0.4363612838724082,0.02977420587394334,0,0,0.07499277470371044,0,0.03387508223171044,0,0,0,0,0,0.03387508223171044,0.5217201735335006,0.16047721238494295,0,0.9355744903493733,0.14604436552859484,0.5482932549663286,0,0,0,0,0,0.5137968872358117
33.15,215,0,0.46511627906976744,0,0,99.53488372093024,0,0,0,0,0,0,0,0,0,0,0,0,0,0,0,0,0,0,0,0,0.4640333526200663,0,0,0.4640333526200663,0,0,0,0,0,0,0,0
33.2,218,0,0,0,0,99.54128440366972,0,0.45871559633027525,0,0,0,0,0,0,0,0,0,0,0,0,0,0,0,0,0,0,0,0,0,0.45766228702675915,0,0.45766228702675915,0,0,0,0,0,0
33.25,243,0,0.411522633744856,0,0,98.76543209876543,0,0.411522633744856,0,0,0,0,0,0.411522633744856,0,0,0,0,0,0,0,0,0,0,0,0,0.4106750064108361,0,0,0.7083645809249962,0,0.4106750064108361,0,0,0,0,0,0.4106750064108361
33.300000000000004,181,0,0,0,0,100,0,0,0,0,0,0,0,0,0,0,0,0,0,0,0,0,0,0,0,0,0,0,0,0,0,0,0,0,0,0,0,0
33.35,216,0,0,0,0,99.53703703703704,0.4629629629629629,0,0,0,0,0,0,0,0,0,0,0,0,0,0,0,0,0,0,0,0,0,0,0.4618900461951639,0.4618900461951639,0,0,0,0,0,0,0
33.4,191,0,0,0,0,100,0,0,0,0,0,0,0,0,0,0,0,0,0,0,0,0,0,0,0,0,0,0,0,0,0,0,0,0,0,0,0,0
33.45,245,0,0,0,0,100,0,0,0,0,0,0,0,0,0,0,0,0,0,0,0,0,0,0,0,0,0,0,0,0.6200936814478691,0,0.4355406834615112,0,0,0,0,0,0.4355406834615112
33.5,199,0,0,0,0,100,0,0,0,0,0,0,0,0,0,0,0,0,0,0,0,0,0,0,0,0,0,0,0,0,0,0,0,0,0,0,0,0
33.550000000000004,220.04613757878542,0.9538624212145805,0,0,0,100,0,0,0,0,0,0,0,0,0,0,0,0.43161195530071517,0,0,0,0,0,0,0,0,0,0,0,0,0,0,0,0,0,0,0,0
33.6,279,0,0.7168458781362007,0,0,99.2831541218638,0,0,0,0,0,0,0,0,0,0,0,0,0,0,0,0,0,0,0,0,0.5050665160801118,0,0,0.5050665160801118,0,0,0,0,0,0,0,0
33.65,206,0,0.48543689320388345,0,0,98.54368932038835,0,0.9708737864077669,0,0,0,0,0,0,0,0,0,0,0,0,0,0,0,0,0,0,0.4842572149274052,0,0,0.8346565690046372,0,0.683170729957096,0,0,0,0,0,0
33.7,232.04670434864238,0.953295651357621,0,0,0,99.1381045442494,0,0.43094772787530455,0,0,0,0,0,0.43094772787530455,0,0,0,0.40913976453116785,0,0,0,0,0,0,0,0,0,0,0,0.6068416905609528,0,0.43002579158832155,0,0,0,0,0,0.43002579158832155
33.75,231.0931679615751,1.9068320384249091,0,0,0,99.1345481921246,0,0.43272590393770294,0,0,0,0,0,0.43272590393770294,0,0,0,0.8183828491094031,0,0,0,0,0,0,0,0,0,0,0,0.609356838809482,0,0.4318041144087471,0,0,0,0,0,0.4318041144087471
33.800000000000004,221,0,0,0.4524886877828055,0,99.5475113122172,0,0,0,0,0,0,0,0,0,0,0,0,0,0,0,0,0,0,0,0,0,0.4514637970267751,0,0.4514637970267751,0,0,0,0,0,0,0,0
33.85,200,0,0,0,0,100,0,0,0,0,0,0,0,0,0,0,0,0,0,0,0,0,0,0,0,0,0,0,0,0,0,0,0,0,0,0,0,0
33.9,217,0,0,0.4608294930875576,0,99.53917050691244,0,0,0,0,0,0,0,0,0,0,0,0,0,0,0,0,0,0,0,0,0,0.45976644785836307,0,0.45976644785836307,0,0,0,0,0,0,0,0
33.95,216,0,0,0,0,100,0,0,0,0,0,0,0,0,0,0,0,0,0,0,0,0,0,0,0,0,0,0,0,0,0,0,0,0,0,0,0,0
34,212.9409430433152,0.059056956684798934,0,0,0,100,0,0,0,0,0,0,0,0,0,0,0,0.02772627074403706,0,0,0,0,0,0,0,0,0.1837203013061313,0.13145550156308658,0,0.38412820789745755,0.11963828807425742,0.23016144256045712,0,0,0,0,0,0.16793576516938402
34.050000000000004,208,0,0.4807692307692308,0,0,99.51923076923077,0,0,0,0,0,0,0,0,0,0,0,0,0,0,0,0,0,0,0,0,0.4796121430970021,0,0,0.4796121430970021,0,0,0,0,0,0,0,0
34.1,209.04669987177476,0.9533001282252371,0,0,0,100,0,0,0,0,0,0,0,0,0,0,0,0.4539524420120177,0,0,0,0,0,0,0,0,0,0,0,0,0,0,0,0,0,0,0,0
34.15,197.97280979156494,3.0271902084350586,0.14068748620057048,0.3488533767572017,0,99.51045913704223,0,0,0,0,0,0,0,0,0.35894379629035345,0.6514254567069719,0,0.4956955273186241,0,0,0,0,0,0,0,0,1.0308320155006,0.9810190862132386,0,2.14642291300931,0.568729163179041,1.1193709267048308,0,0,0,0,0,0.8050091261075136
34.2,221,0,0,0,0,100,0,0,0,0,0,0,0,0,0,0,0,0,0,0,0,0,0,0,0,0,0,0,0,0,0,0,0,0,0,0,0,0
34.25,219,0,0.45662100456621,0.45662100456621,0,99.08675799086758,0,0,0,0,0,0,0,0,0,0,0,0,0,0,0,0,0,0,0,0,0.45557729804814584,0.45557729804814584,0,0.6428041804198902,0,0,0,0,0,0,0,0
34.300000000000004,179,0,0.5586592178770949,0,0,99.4413407821229,0,0,0,0,0,0,0,0,0,0,0,0,0,0,0,0,0,0,0,0,0.5570965316891304,0,0,0.5570965316891304,0,0,0,0,0,0,0,0
34.35,231,0,0,0,0,99.56709956709958,0,0.4329004329004329,0,0,0,0,0,0,0,0,0,0,0,0,0,0,0,0,0,0,0,0,0,0.43196240269112807,0,0.43196240269112807,0,0,0,0,0,0
34.4,209,0,0.4784688995215311,0,0,99.52153110047847,0,0,0,0,0,0,0,0,0,0,0,0,0,0,0,0,0,0,0,0,0.47956175774201565,0.47759389830123966,0,0.6751982486608816,0,0,0,0,0,0,0,0
34.45,206,0,0,0,0,99.02912621359224,0,0.48543689320388345,0,0,0,0,0,0.48543689320388345,0,0,0,0,0,0,0,0,0,0,0,0,0,0,0,0.683170729957096,0,0.4842572149274052,0,0,0,0,0,0.4842572149274052
34.5,208,0,0,0,0,99.03846153846155,0,0.4807692307692308,0,0,0,0,0,0.4807692307692308,0,0,0,0,0,0,0,0,0,0,0,0,0,0,0,0.676633670988609,0,0.4796121430970021,0,0,0,0,0,0.4796121430970021
34.550000000000004,210,0,0.4761904761904762,0.4761904761904762,0,99.04761904761905,0,0,0,0,0,0,0,0,0,0,0,0,0,0,0,0,0,0,0,0,0.47505533637287783,0.47505533637287783,0,0.6702205243323779,0,0,0,0,0,0,0,0
34.6,230,0,0.43478260869565216,0,0,98.26086956521739,0,0.43478260869565216,0,0,0,0,0,0.8695652173913043,0,0,0,0,0,0,0,0,0,0,0,0,0.4338363995029193,0,0,0.8619706158844087,0,0.4338363995029193,0,0,0,0,0,0.6121962532441972
34.65,235,0,0,0,0,99.57446808510639,0,0.425531914893617,0,0,0,0,0,0,0,0,0,0,0,0,0,0,0,0,0,0,0,0,0,0.4246255626081551,0,0.4246255626081551,0,0,0,0,0,0
34.7,222,0,0,0,0,100,0,0,0,0,0,0,0,0,0,0,0,0,0,0,0,0,0,0,0,0,0,0,0,0,0,0,0,0,0,0,0,0
34.75,226,0,0,0.4424778761061947,0,99.5575221238938,0,0,0,0,0,0,0,0,0,0,0,0,0,0,0,0,0,0,0,0,0,0.44149785745867653,0,0.44149785745867653,0,0,0,0,0,0,0,0
34.800000000000004,206,0,0.48543689320388345,0,0,98.05825242718447,0,0.48543689320388345,0,0,0,0,0,0.9708737864077669,0,0,0,0,0,0,0,0,0,0,0,0,0.4842572149274052,0,0,0.9614016205242694,0,0.4842572149274052,0,0,0,0,0,0.683170729957096
34.85,224,0,0,0,0,99.55357142857143,0.4464285714285714,0,0,0,0,0,0,0,0,0,0,0,0,0,0,0,0,0,0,0,0,0,0,0.44543096443555463,0.44543096443555463,0,0,0,0,0,0,0
34.9,237,0,0.8438818565400843,0,0,99.15611814345992,0,0,0,0,0,0,0,0,0,0,0,0,0,0,0,0,0,0,0,0,0.5941914659179027,0,0,0.5941914659179027,0,0,0,0,0,0,0,0
34.95,201,0,0,0,0,99.00497512437812,0,0.4975124378109453,0,0,0,0,0,0.4975124378109453,0,0,0,0,0,0,0,0,0,0,0,0,0,0,0,0.7000796438667749,0,0.49627330154608607,0,0,0,0,0,0.49627330154608607
35,222,0,1.3513513513513513,0.45045045045045046,0,97.74774774774775,0,0.45045045045045046,0,0,0,0,0,0,0,0,0,0,0,0,0,0,0,0,0,0,0.7749134931677248,0.44943477734192705,0,0.9958304629249971,0,0.44943477734192705,0,0,0,0,0,0
35.050000000000004,215,0,0,0,0,100,0,0,0,0,0,0,0,0,0,0,0,0,0,0,0,0,0,0,0,0,0,0,0,0,0,0,0,0,0,0,0,0
35.1,206,0,0,0,0,100,0,0,0,0,0,0,0,0,0,0,0,0,0,0,0,0,0,0,0,0,0,0,0,0,0,0,0,0,0,0,0,0
35.15,240,0,0,0,0,100,0,0,0,0,0,0,0,0,0,0,0,0,0,0,0,0,0,0,0,0,0,0,0,0.6212268367746454,0.6212268367746454,0,0,0,0,0,0,0
35.2,246,0,0,0,0,99.59349593495935,0,0.40650406504065045,0,0,0,0,0,0,0,0,0,0,0,0,0,0,0,0,0,0,0,0,0,0.40567699589282596,0,0.40567699589282596,0,0,0,0,0,0
35.25,237.04660937655717,0.9533906234428287,0,0,0,98.73442610805945,0,0.8437159279603645,0,0,0,0,0,0.42185796398018227,0,0,0,0.4005842955642137,0,0,0,0,0,0,0,0,0,0,0,0.7260784897524347,0,0.5940954603209576,0,0,0,0,0,0.4209743755625097
35.300000000000004,217,0,0,0,0,98.61751152073732,0,0.9216589861751152,0,0,0,0,0,0.4608294930875576,0,0,0,0,0,0,0,0,0,0,0,0,0,0,0,0.7926435194907356,0,0.6487010890283111,0,0,0,0,0,0.45976644785836307
35.35,228,0,0.43859649122807015,0,0,99.56140350877193,0,0,0,0,0,0,0,0,0,0,0,0,0,0,0,0,0,0,0,0,0.4376335998553152,0,0,0.4376335998553152,0,0,0,0,0,0,0,0
35.4,217,0,0.4608294930875576,0,0,99.53917050691244,0,0,0,0,0,0,0,0,0,0,0,0,0,0,0,0,0,0,0,0,0.45976644785836307,0,0,0.45976644785836307,0,0,0,0,0,0,0,0
35.45,211,0,0,0,0,100,0,0,0,0,0,0,0,0,0,0,0,0,0,0,0,0,0,0,0,0,0,0,0,0,0,0,0,0,0,0,0,0
35.5,202,0,0.9900990099009901,0,0,98.51485148514851,0,0.49504950495049505,0,0,0,0,0,0,0,0,0,0,0,0,0,0,0,0,0,0,0.6966312324062296,0,0,0.8510598673953582,0,0.4938226145761458,0,0,0,0,0,0
35.550000000000004,208,0,0.4807692307692308,0,0,99.03846153846155,0,0.4807692307692308,0,0,0,0,0,0,0,0,0,0,0,0,0,0,0,0,0,0,0.4796121430970021,0,0,0.676633670988609,0,0.4796121430970021,0,0,0,0,0,0
35.6,213.79910156755068,0.20089843244932126,0,0,0,98.66049308750591,0.4347554652768368,0.45237572360862144,0,0,0,0,0,0.45237572360862144,0,0,0,0.030258026540607965,0.03294239309453188,0.015338676268720096,0,0,0,0,0,0.015338676268720096,0.1915741103041529,0.1370684689168332,0,0.8990861745672589,0.4846743169446305,0.5258873431468178,0,0,0,0,0,0.49986909472888813
35.65,211,0,0.9478672985781991,0,0,99.0521327014218,0,0,0,0,0,0,0,0,0,0,0,0,0,0,0,0,0,0,0,0,0.6670593223515037,0,0,0.6670593223515037,0,0,0,0,0,0,0,0
35.7,199,0,0,0,0,100,0,0,0,0,0,0,0,0,0,0,0,0,0,0,0,0,0,0,0,0,0,0.011316902890416421,0,0.011316902890416421,0,0,0,0,0,0,0,0
35.75,207,0,0,0,0,100,0,0,0,0,0,0,0,0,0,0,0,0,0,0,0,0,0,0,0,0,0,0,0,0,0,0,0,0,0,0,0,0
35.800000000000004,218,0,0,0,0,100,0,0,0,0,0,0,0,0,0,0,0,0,0,0,0,0,0,0,0,0,0,0,0,0,0,0,0,0,0,0,0,0
35.85,219,0,0.91324200913242,0,0,99.08675799086758,0,0,0,0,0,0,0,0,0,0,0,0,0,0,0,0,0,0,0,0,0.6428041804198902,0,0,0.6428041804198902,0,0,0,0,0,0,0,0
35.9,208,0,0,0,0,99.51923076923077,0.4807692307692308,0,0,0,0,0,0,0,0,0,0,0,0,0,0,0,0,0,0,0,0,0,0,0.4796121430970021,0.4796121430970021,0,0,0,0,0,0,0
35.95,233,0,0.8583690987124464,0.4291845493562232,0,98.71244635193133,0,0,0,0,0,0,0,0,0,0,0,0,0,0,0,0,0,0,0,0,0.6043480236923584,0.4282625621488143,0,0.7385683007060192,0,0,0,0,0,0,0,0
36,226,0,0,0,0,100,0,0,0,0,0,0,0,0,0,0,0,0,0,0,0,0,0,0,0,0,0.004318711099489692,0,0,0.004318711099489692,0,0,0,0,0,0,0,0
36.050000000000004,237,0,0,0,0,100,0,0,0,0,0,0,0,0,0,0,0,0,0,0,0,0,0,0,0,0,0,0,0,0,0,0,0,0,0,0,0,0
36.1,202,0,0.49504950495049505,0,0,98.51485148514851,0,0.49504950495049505,0,0,0,0,0,0.49504950495049505,0,0,0,0,0,0,0,0,0,0,0,0,0.4938226145761458,0,0,0.8510598673953582,0,0.4938226145761458,0,0,0,0,0,0.4938226145761458
36.15,228,0,0,0,0,99.56140350877193,0,0.43859649122807015,0,0,0,0,0,0,0,0,0,0,0,0,0,0,0,0,0,0,0,0,0,0.4376335998553152,0,0.4376335998553152,0,0,0,0,0,0
36.2,216,0,0.4629629629629629,0,0,99.53703703703704,0,0,0,0,0,0,0,0,0,0,0,0,0,0,0,0,0,0,0,0,0.4618900461951639,0,0,0.4618900461951639,0,0,0,0,0,0,0,0
36.25,225,0,0,0,0,100,0,0,0,0,0,0,0,0,0,0,0,0,0,0,0,0,0,0,0,0,0,0,0,0,0,0,0,0,0,0,0,0
36.300000000000004,226,0,0,0,0,100,0,0,0,0,0,0,0,0,0,0,0,0,0,0,0,0,0,0,0,0,0,0,0,0,0,0,0,0,0,0,0,0
36.35,226,0,0,0,0,100,0,0,0,0,0,0,0,0,0,0,0,0,0,0,0,0,0,0,0,0,0,0,0,0,0,0,0,0,0,0,0,0
36.4,202,0,0,0,0,99.00990099009901,0.49504950495049505,0.49504950495049505,0,0,0,0,0,0,0,0,0,0,0,0,0,0,0,0,0,0,0,0,0,0.6966312324062296,0.4938226145761458,0.4938226145761458,0,0,0,0,0,0
36.45,216,0,0,0,0,100,0,0,0,0,0,0,0,0,0,0,0,0,0,0,0,0,0,0,0,0,0,0,0,0,0,0,0,0,0,0,0,0
36.5,233,0,0,0,0,99.14163090128756,0,0.4291845493562232,0,0,0,0,0,0.4291845493562232,0,0,0,0,0,0,0,0,0,0,0,0,0,0,0,0.6043480236923584,0,0.4282625621488143,0,0,0,0,0,0.4282625621488143
36.550000000000004,217,0,1.3824884792626728,0,0,98.61751152073732,0,0,0,0,0,0,0,0,0,0,0,0,0,0,0,0,0,0,0,0,0.7926435194907356,0,0,0.7926435194907356,0,0,0,0,0,0,0,0
36.6,239,0,0,0,0,100,0,0,0,0,0,0,0,0,0,0,0,0,0,0,0,0,0,0,0,0,0,0,0,0.24398538155365443,0,0.24398538155365443,0,0,0,0,0,0
36.65,222,0,0,0,0,100,0,0,0,0,0,0,0,0,0,0,0,0,0,0,0,0,0,0,0,0,0.45539540622483643,0,0,0.45539540622483643,0,0,0,0,0,0,0,0
36.7,215,0,0,0.46511627906976744,0,99.53488372093024,0,0,0,0,0,0,0,0,0,0,0,0,0,0,0,0,0,0,0,0,0,0.4640333526200663,0,0.4640333526200663,0,0,0,0,0,0,0,0
36.75,218.52873826236464,0.47126173763535917,0.8246387576384739,0,0,99.17536124236153,0,0,0,0,0,0,0,0,0.09037777521013873,0,0,0.12481023284253669,0,0,0,0,0,0,0,0,0.7624610608731252,0.28003960956284324,0,1.0521502538126732,0.2547786773278801,0.4923056811986492,0,0,0,0,0,0.35820045347659024
36.800000000000004,219,0,0,0,0,97.71689497716895,0,1.36986301369863,0,0,0,0,0,0.91324200913242,0,0,0,0,0,0,0,0,0,0,0,0,0,0,0,1.0093126503715937,0,0.7854550398369806,0,0,0,0,0,0.6428041804198902
36.85,217,0,0.9216589861751152,0,0,99.07834101382488,0,0,0,0,0,0,0,0,0,0,0,0,0,0,0,0,0,0,0,0,0.6487010890283111,0,0,0.6487010890283111,0,0,0,0,0,0,0,0
36.9,230.656434991688,0.3435650083119981,0.3709866553522458,0,0,99.62901334464776,0,0,0,0,0,0,0,0,0.06246554392623792,0,0,0.08626389690146688,0,0,0,0,0,0,0,0,0.5493327231944466,0.2295202272066715,0,0.9843294194135661,0.20884294074431384,0.6849266436161313,0,0,0,0,0,0.2934440174657521
36.95,235,0,0,0,0,99.14893617021276,0,0.425531914893617,0,0,0,0,0,0.425531914893617,0,0,0,0,0,0,0,0,0,0,0,0,0,0,0,0.5992267121007806,0,0.4246255626081551,0,0,0,0,0,0.4246255626081551
37,215,0,0,0,0,99.06976744186046,0,0.46511627906976744,0,0,0,0,0,0.46511627906976744,0,0,0,0,0,0,0,0,0,0,0,0,0,0,0,0.6547071889508038,0,0.4640333526200663,0,0,0,0,0,0.4640333526200663
37.050000000000004,210,0,0,0.4761904761904762,0,99.52380952380952,0,0,0,0,0,0,0,0,0,0,0,0,0,0,0,0,0,0,0,0,0,0.47505533637287783,0,0.47505533637287783,0,0,0,0,0,0,0,0
37.1,237,0,0,0,0,100,0,0,0,0,0,0,0,0,0,0,0,0,0,0,0,0,0,0,0,0,0,0,0,0,0,0,0,0,0,0,0,0
37.15,233,0,0,0,0,99.57081545064378,0,0.4291845493562232,0,0,0,0,0,0,0,0,0,0,0,0,0,0,0,0,0,0,0,0,0,0.4282625621488143,0,0.4282625621488143,0,0,0,0,0,0
37.2,224,0,0,0,0,98.66071428571429,0,0.8928571428571428,0,0,0,0,0,0.4464285714285714,0,0,0,0,0,0,0,0,0,0,0,0,0,0,0,0.7680415876600462,0,0.6285205148095352,0,0,0,0,0,0.44543096443555463
37.25,247.66717139806133,0.33282860193867236,0.3473265432759946,0,0,99.652673456724,0,0,0,0,0,0,0,0,0.05636539304583905,0,0,0.07783968838104498,0,0,0,0,0,0,0,0,0.49848179567204404,0.20601620163361892,0,0.7286681723195935,0.1874637708194825,0.36145674709770353,0,0,0,0,0,0.26335575513277126
37.300000000000004,219.0471905702725,0.9528094297274947,0.4565226321308102,0,0,99.54347736786919,0,0,0,0,0,0,0,0,0,0,0,0.4330951953306794,0,0,0,0,0,0,0,0,0.4554884617239972,0,0,0.4554884617239972,0,0,0,0,0,0,0,0
37.35,223,0,0,0.4484304932735426,0,99.55156950672645,0,0,0,0,0,0,0,0,0,0,0,0,0,0,0,0,0,0,0,0,0.5091419552760278,0.4499585653817232,0,0.6777634901138849,0,0,0,0,0,0,0,0
37.4,217,0,0,0,0,100,0,0,0,0,0,0,0,0,0,0,0,0,0,0,0,0,0,0,0,0,0,0,0,0,0,0,0,0,0,0,0,0
37.45,205,0,0,0,0,99.51219512195122,0,0.4878048780487805,0,0,0,0,0,0,0,0,0,0,0,0,0,0,0,0,0,0,0,0,0,0.4866136555672641,0,0.4866136555672641,0,0,0,0,0,0
37.5,216,0,0.4629629629629629,0,0,99.53703703703704,0,0,0,0,0,0,0,0,0,0,0,0,0,0,0,0,0,0,0,0,0.47218914639561094,0,0,0.7604584990723932,0,0.59900205710715,0,0,0,0,0,0
37.550000000000004,195,0,0,0,0,100,0,0,0,0,0,0,0,0,0,0,0,0,0,0,0,0,0,0,0,0,0,0,0,0,0,0,0,0,0,0,0,0
37.6,203,0,0,0,0,98.52216748768473,0,0.49261083743842365,0,0,0,0,0,0.9852216748768473,0,0,0,0,0,0,0,0,0,0,0,0,0,0,0,0.8468988991052997,0,0.4913960123155343,0,0,0,0,0,0.6932166251287292
37.65,239,0,0.41841004184100417,0,0,99.16317991631799,0,0.41841004184100417,0,0,0,0,0,0,0,0,0,0,0,0,0,0,0,0,0,0,0.4175337894826937,0,0,0.5892401337420353,0,0.4175337894826937,0,0,0,0,0,0
37.7,205,0,1.951219512195122,0,0,98.04878048780488,0,0,0,0,0,0,0,0,0,0,0,0,0,0,0,0,0,0,0,0,0.9660447235891035,0,0,0.9660447235891035,0,0,0,0,0,0,0,0
37.75,222,0,0,0,0,100,0,0,0,0,0,0,0,0,0,0,0,0,0,0,0,0,0,0,0,0,0,0,0,0,0,0,0,0,0,0,0,0
37.800000000000004,210,0,0,0,0,100,0,0,0,0,0,0,0,0,0,0,0,0,0,0,0,0,0,0,0,0,0,0,0,0,0,0,0,0,0,0,0,0
37.85,214,0,0,0.46728971962616817,0,99.06542056074767,0,0.46728971962616817,0,0,0,0,0,0,0,0,0,0,0,0,0,0,0,0,0,0,0,0.46619664276160266,0,0.6577521377784732,0,0.46619664276160266,0,0,0,0,0,0
37.9,240,0,0.4166666666666667,0,0,98.33333333333333,0,0.8333333333333334,0,0,0,0,0,0.4166666666666667,0,0,0,0,0,0,0,0,0,0,0,0,0.41579770499785285,0,0,0.8263597100357509,0,0.5867952826188225,0,0,0,0,0,0.41579770499785285
37.95,216,0,0,0,0,100,0,0,0,0,0,0,0,0,0,0,0,0,0,0,0,0,0,0,0,0,0,0,0,0,0,0,0,0,0,0,0,0
38,247,0,0,0,0,99.59514170040485,0,0.4048582995951417,0,0,0,0,0,0,0,0,0,0,0,0,0,0,0,0,0,0,0,0,0,0.40403791719268783,0,0.40403791719268783,0,0,0,0,0,0
38.050000000000004,202,0,0,0,0,100,0,0,0,0,0,0,0,0,0,0,0,0,0,0,0,0,0,0,0,0,0,0,0,0,0,0,0,0,0,0,0,0
38.1,225,0,0,0,0,100,0,0,0,0,0,0,0,0,0,0,0,0,0,0,0,0,0,0,0,0,0,0,0,0,0,0,0,0,0,0,0,0
38.15,226,0,0,0,0,99.5575221238938,0,0.4424778761061947,0,0,0,0,0,0,0,0,0,0,0,0,0,0,0,0,0,0,0,0,0,0.44149785745867653,0,0.44149785745867653,0,0,0,0,0,0
38.2,219,0,0,0,0,100,0,0,0,0,0,0,0,0,0,0,0,0,0,0,0,0,0,0,0,0,0,0,0,0,0,0,0,0,0,0,0,0
38.25,223,0,0,0,0,100,0,0,0,0,0,0,0,0,0,0,0,0,0,0,0,0,0,0,0,0,0,0,0,0,0,0,0,0,0,0,0,0
38.300000000000004,214,0,0,0,0,100,0,0,0,0,0,0,0,0,0,0,0,0,0,0,0,0,0,0,0,0,0,0,0,0,0,0,0,0,0,0,0,0
38.35,201.0465535079129,0.953446492087096,1.4921917076693008,0,0,98.50780829233071,0,0,0,0,0,0,0,0,0,0,0,0.47200321390450295,0,0,0,0,0,0,0,0,0.8551268041102446,0,0,0.8551268041102446,0,0,0,0,0,0,0,0
38.400000000000006,233,0,0.4291845493562232,0,0,99.57081545064378,0,0,0,0,0,0,0,0,0,0,0,0,0,0,0,0,0,0,0,0,0.4282625621488143,0,0,0.4282625621488143,0,0,0,0,0,0,0,0
38.45,249,0,0,0,0,100,0,0,0,0,0,0,0,0,0,0,0,0,0,0,0,0,0,0,0,0,0,0,0,0,0,0,0,0,0,0,0,0
38.5,200,0,0,0,0,100,0,0,0,0,0,0,0,0,0,0,0,0,0,0,0,0,0,0,0,0,0,0,0,0,0,0,0,0,0,0,0,0
38.550000000000004,203,0,0,0,0,99.01477832512316,0,0.49261083743842365,0,0,0,0,0,0.49261083743842365,0,0,0,0,0,0,0,0,0,0,0,0,0,0,0,0.6932166251287292,0,0.4913960123155343,0,0,0,0,0,0.4913960123155343
38.6,215,0,0,0,0,100,0,0,0,0,0,0,0,0,0,0,0,0,0,0,0,0,0,0,0,0,0,0.2997172456124411,0,0.2997172456124411,0,0,0,0,0,0,0,0
38.650000000000006,228,0,0,0,0,100,0,0,0,0,0,0,0,0,0,0,0,0,0,0,0,0,0,0,0,0,0,0.40358736763832687,0,0.40358736763832687,0,0,0,0,0,0,0,0
38.7,194,0,0.5154639175257731,0,0,98.4536082474227,0,0.5154639175257731,0,0,0,0,0,0.5154639175257731,0,0,0,0,0,0,0,0,0,0,0,0,0.5141336858435797,0,0,0.8858796310141909,0,0.5141336858435797,0,0,0,0,0,0.5141336858435797
38.75,233,0,0,0,0,100,0,0,0,0,0,0,0,0,0,0,0,0,0,0,0,0,0,0,0,0,0,0,0,0,0,0,0,0,0,0,0,0
38.800000000000004,234,0,0,0,0,100,0,0,0,0,0,0,0,0,0,0,0,0,0,0,0,0,0,0,0,0,0,0,0,0,0,0,0,0,0,0,0,0
38.85,224,0,0,0,0,100,0,0,0,0,0,0,0,0,0,0,0,0,0,0,0,0,0,0,0,0,0,0,0,0,0,0,0,0,0,0,0,0
38.900000000000006,211,0,0,0,0,100,0,0,0,0,0,0,0,0,0,0,0,0,0,0,0,0,0,0,0,0,0,0,0,0,0,0,0,0,0,0,0,0
38.95,206.67660378781147,0.323396212188527,0.9019769739253227,0,0,99.09802302607467,0,0,0,0,0,0,0,0,0.06561576006911551,0,0,0.09061429412824051,0,0,0,0,0,0,0,0,0.7683332105769278,0.2438748300403119,0,0.9917228223309302,0.22190313166080966,0.42810906597252374,0,0,0,0,0,0.31180279948892226
39,186,0,0.5376344086021506,0,0,99.46236559139786,0,0,0,0,0,0,0,0,0,0,0,0,0,0,0,0,0,0,0,0,0.5361872070306644,0,0,0.5361872070306644,0,0,0,0,0,0,0,0
39.050000000000004,200,0,0,0,0,100,0,0,0,0,0,0,0,0,0,0,0,0,0,0,0,0,0,0,0,0,0,0,0,0,0,0,0,0,0,0,0,0
39.1,229,0,0,0,0,99.56331877729258,0,0.43668122270742354,0,0,0,0,0,0,0,0,0,0,0,0,0,0,0,0,0,0,0,0,0,0.4357267270902411,0,0.4357267270902411,0,0,0,0,0,0
39.150000000000006,233,0,0.4291845493562232,0,0,99.57081545064378,0,0,0,0,0,0,0,0,0,0,0,0,0,0,0,0,0,0,0,0,0.4282625621488143,0,0,0.4282625621488143,0,0,0,0,0,0,0,0
39.2,213,0,0,0,0,100,0,0,0,0,0,0,0,0,0,0,0,0,0,0,0,0,0,0,0,0,0,0,0,0,0,0,0,0,0,0,0,0
39.25,201.0466562556103,0.9533437443897128,0.497396981687973,0,0,99.50260301831203,0,0,0,0,0,0,0,0,0,0,0,0.4719523487077786,0,0,0,0,0,0,0,0,0.4961701816325643,0,0,0.4961701816325643,0,0,0,0,0,0,0,0
39.300000000000004,231,0,0.8658008658008658,0,0,99.13419913419914,0,0,0,0,0,0,0,0,0,0,0,0,0,0,0,0,0,0,0,0,0.6095576262700718,0,0,0.6095576262700718,0,0,0,0,0,0,0,0
39.35,245,0,0.40816326530612246,0,0,99.59183673469387,0,0,0,0,0,0,0,0,0,0,0,0,0,0,0,0,0,0,0,0,0.4073556447614604,0.05120947917186916,0,0.41053577754116366,0,0,0,0,0,0,0,0
39.400000000000006,208.84609081989038,0.15390918010962196,0.447870003526628,0,0,99.55212999647337,0,0,0,0,0,0,0,0,0.0309287108515465,0,0,0.04271204518176544,0,0,0,0,0,0,0,0,0.5327588744085017,0.1651649720473297,0,0.6802594546733414,0.1503096955531092,0.289360621766078,0,0,0,0,0,0.21103990229204805
39.45,205.7994364394981,0.20056356050190516,0,0,0,100,0,0,0,0,0,0,0,0,0,0,0,0.09736095169995396,0,0,0,0,0,0,0,0,0.35507236168072126,0.25372082878293517,0,0.7491229654548291,0.23085655795028526,0.4455195920134448,0,0,0,0,0,0.32441963019632003
39.5,222,0,0.45045045045045046,0,0,99.54954954954955,0,0,0,0,0,0,0,0,0,0,0,0,0,0,0,0,0,0,0,0,0.44943477734192705,0,0,0.44943477734192705,0,0,0,0,0,0,0,0
39.550000000000004,202,0,0,0,0,100,0,0,0,0,0,0,0,0,0,0,0,0,0,0,0,0,0,0,0,0,0,0,0,0,0,0,0,0,0,0,0,0
39.6,228,0,0.43859649122807015,0,0,99.56140350877193,0,0,0,0,0,0,0,0,0,0,0,0,0,0,0,0,0,0,0,0,0.4376335998553152,0,0,0.4376335998553152,0,0,0,0,0,0,0,0
39.650000000000006,219.9924235328872,0.007576467112812679,0.4511171416495748,0,0,99.09432174940818,0,0.4545611089422394,0,0,0,0,0,0,0.003443848687642127,0,0,0,0,0,0,0,0,0,0,0,0.4552340585144507,0,0,0.6411178433324304,0,0.4535268745302955,0,0,0,0,0,0
39.7,207,0,0.4830917874396135,0,0,99.51690821256038,0,0,0,0,0,0,0,0,0,0,0,0,0,0,0,0,0,0,0,0,0.4819234863642938,0,0,0.4819234863642938,0,0,0,0,0,0,0,0
39.75,271,0,0.36900369003690037,0,0,99.2619926199262,0.36900369003690037,0,0,0,0,0,0,0,0,0,0,0,0,0,0,0,0,0,0,0,0.3683222421976776,0,0,0.5199208111514686,0.3683222421976776,0,0,0,0,0,0,0
39.800000000000004,235,0,0.425531914893617,0,0,99.57446808510639,0,0,0,0,0,0,0,0,0,0,0,0,0,0,0,0,0,0,0,0,0.4246255626081551,0,0,0.4246255626081551,0,0,0,0,0,0,0,0
39.85,242,0,0.4132231404958678,0.4132231404958678,0,97.93388429752066,0,0.8264462809917356,0,0,0,0,0,0.4132231404958678,0,0,0,0,0,0,0,0,0,0,0,0,0.4123684898591312,0.4123684898591312,0,0.9143998080118771,0,0.5819659423301904,0,0,0,0,0,0.4123684898591312
39.900000000000006,227,0,0.4405286343612335,0,0,99.55947136563876,0,0,0,0,0,0,0,0,0,0,0,0,0,0,0,0,0,0,0,0,0.4395572359699353,0,0,0.4395572359699353,0,0,0,0,0,0,0,0
39.95,219.09337590448558,1.9066240955144167,0,0,0,100,0,0,0,0,0,0,0,0,0,0,0,0.8627258350743967,0,0,0,0,0,0,0,0,0,0,0,0,0,0,0,0,0,0,0,0
40,230,0,0,0,0,99.56521739130434,0,0.43478260869565216,0,0,0,0,0,0,0,0,0,0,0,0,0,0,0,0,0,0,0,0,0,0.4338363995029193,0,0.4338363995029193,0,0,0,0,0,0
40.050000000000004,245,0,0,0,0,100,0,0,0,0,0,0,0,0,0,0,0,0,0,0,0,0,0,0,0,0,0,0,0,0,0,0,0,0,0,0,0,0
40.1,229,0,0.43668122270742354,0,0,98.68995633187772,0,0.8733624454148471,0,0,0,0,0,0,0,0,0,0,0,0,0,0,0,0,0,0,0.4357267270902411,0,0,0.7513834471928815,0,0.614857822811577,0,0,0,0,0,0
40.150000000000006,232,0,0,0,0,100,0,0,0,0,0,0,0,0,0,0,0,0,0,0,0,0,0,0,0,0,0,0,0,0,0,0,0,0,0,0,0,0
40.2,244,0,0,0,0,100,0,0,0,0,0,0,0,0,0,0,0,0,0,0,0,0,0,0,0,0,0,0,0,0,0,0,0,0,0,0,0,0
40.25,229,0,0.43668122270742354,0,0,99.56331877729258,0,0,0,0,0,0,0,0,0,0,0,0,0,0,0,0,0,0,0,0,0.4357267270902411,0,0,0.4357267270902411,0,0,0,0,0,0,0,0
40.300000000000004,251,0,0,0,0,100,0,0,0,0,0,0,0,0,0,0,0,0,0,0,0,0,0,0,0,0,0,0,0,0,0,0,0,0,0,0,0,0
40.35,230,0,1.3043478260869565,0,0,98.69565217391305,0,0,0,0,0,0,0,0,0,0,0,0,0,0,0,0,0,0,0,0,0.7481381509171484,0,0,0.7481381509171484,0,0,0,0,0,0,0,0
40.400000000000006,236,0,1.2711864406779663,0,0,97.45762711864407,0,0.423728813559322,0,0,0,0,0,0.847457627118644,0,0,0,0,0,0,0,0,0,0,0,0,0.7292401696310551,0,0,1.024640549349759,0,0.42283013001622954,0,0,0,0,0,0.5966984669976829
40.45,255,0,0.39215686274509803,0,0,99.6078431372549,0,0,0,0,0,0,0,0,0,0,0,0,0,0,0,0,0,0,0,0,0.39138717238045445,0,0,0.39138717238045445,0,0,0,0,0,0,0,0
40.5,237,0,0,0,0,100,0,0,0,0,0,0,0,0,0,0,0,0,0,0,0,0,0,0,0,0,0,0,0,0,0,0,0,0,0,0,0,0
40.550000000000004,236,0,0.423728813559322,0,0,99.57627118644068,0,0,0,0,0,0,0,0,0,0,0,0,0,0,0,0,0,0,0,0,0.42283013001622954,0,0,0.42283013001622954,0,0,0,0,0,0,0,0
40.6,237,0,1.2658227848101267,0,0,98.73417721518987,0,0,0,0,0,0,0,0,0,0,0,0,0,0,0,0,0,0,0,0,0.7261829318137901,0,0,0.7261829318137901,0,0,0,0,0,0,0,0
40.650000000000006,291,0,0.3436426116838488,0,0,99.65635738831615,0,0,0,0,0,0,0,0,0,0,0,0,0,0,0,0,0,0,0,0,0.3430516523270655,0,0,0.3430516523270655,0,0,0,0,0,0,0,0
40.7,223,0,0.4484304932735426,0,0,99.55156950672645,0,0,0,0,0,0,0,0,0,0,0,0,0,0,0,0,0,0,0,0,0.44742391401704823,0,0,0.44742391401704823,0,0,0,0,0,0,0,0
40.75,245,0,0.40816326530612246,0,0,99.59183673469387,0,0,0,0,0,0,0,0,0,0,0,0,0,0,0,0,0,0,0,0,0.40732942732531735,0,0,0.40732942732531735,0,0,0,0,0,0,0,0
40.800000000000004,255,0,0,0,0,100,0,0,0,0,0,0,0,0,0,0,0,0,0,0,0,0,0,0,0,0,0,0.39061630218730176,0,0.39061630218730176,0,0,0,0,0,0,0,0
40.85,211,0,0,0,0,100,0,0,0,0,0,0,0,0,0,0,0,0,0,0,0,0,0,0,0,0,0,0,0,0,0,0,0,0,0,0,0,0
40.900000000000006,236,0,0.423728813559322,0,0,99.15254237288136,0.423728813559322,0,0,0,0,0,0,0,0,0,0,0,0,0,0,0,0,0,0,0,0.42283013001622954,0,0,0.5966984669976829,0.42283013001622954,0,0,0,0,0,0,0
40.95,254,0,0,0.39370078740157477,0,98.81889763779527,0,0.39370078740157477,0,0,0,0,0,0.39370078740157477,0,0,0,0,0,0,0,0,0,0,0,0,0,0.39292502154949693,0,0.6778707790083107,0,0.39292502154949693,0,0,0,0,0,0.39292502154949693
41,246,0,0,0,0,100,0,0,0,0,0,0,0,0,0,0,0,0,0,0,0,0,0,0,0,0,0,0,0,0,0,0,0,0,0,0,0,0
41.050000000000004,240,0,0,0,0,99.58333333333333,0,0.4166666666666667,0,0,0,0,0,0,0,0,0,0,0,0,0,0,0,0,0,0,0,0,0,0.41579770499785285,0,0.41579770499785285,0,0,0,0,0,0
41.1,213,0,0.9389671361502347,0,0,99.06103286384976,0,0,0,0,0,0,0,0,0,0,0,0,0,0,0,0,0,0,0,0,0.660825541218007,0,0,0.660825541218007,0,0,0,0,0,0,0,0
41.150000000000006,205,0,0,0,0,100,0,0,0,0,0,0,0,0,0,0,0,0,0,0,0,0,0,0,0,0,0,0,0,0,0,0,0,0,0,0,0,0
41.2,245,0,0,0,0,99.59183673469387,0.40816326530612246,0,0,0,0,0,0,0,0,0,0,0,0,0,0,0,0,0,0,0,0,0,0,0.40732942732531735,0.40732942732531735,0,0,0,0,0,0,0
41.25,240,0,0.4166666666666667,0,0,99.58333333333333,0,0,0,0,0,0,0,0,0,0,0,0,0,0,0,0,0,0,0,0,0.41579770499785285,0,0,0.41579770499785285,0,0,0,0,0,0,0,0
41.300000000000004,217,0,0.9216589861751152,0,0,99.07834101382488,0,0,0,0,0,0,0,0,0,0,0,0,0,0,0,0,0,0,0,0,0.6487010890283111,0,0,0.6487010890283111,0,0,0,0,0,0,0,0
41.35,232,0,0,0,0,100,0,0,0,0,0,0,0,0,0,0,0,0,0,0,0,0,0,0,0,0,0,0,0,0,0,0,0,0,0,0,0,0
41.400000000000006,237,0,0,0,0,100,0,0,0,0,0,0,0,0,0,0,0,0,0,0,0,0,0,0,0,0,0,0,0,0,0,0,0,0,0,0,0,0
41.45,217,0,0,0,0,100,0,0,0,0,0,0,0,0,0,0,0,0,0,0,0,0,0,0,0,0,0,0,0,0,0,0,0,0,0,0,0,0
41.5,264,0,0,0,0,100,0,0,0,0,0,0,0,0,0,0,0,0,0,0,0,0,0,0,0,0,0,0,0,0,0,0,0,0,0,0,0,0
41.550000000000004,236,0,0.423728813559322,0,0,99.57627118644068,0,0,0,0,0,0,0,0,0,0,0,0,0,0,0,0,0,0,0,0,0.42309805800437894,0.1638915759311807,0,0.4534807431715542,0,0,0,0,0,0,0,0
41.6,239,0,0.41841004184100417,0,0,99.16317991631799,0,0.41841004184100417,0,0,0,0,0,0,0,0,0,0,0,0,0,0,0,0,0,0,0.4175337894826937,0,0,0.5892401337420353,0,0.4175337894826937,0,0,0,0,0,0
41.650000000000006,252,0,0,0,0,100,0,0,0,0,0,0,0,0,0,0,0,0,0,0,0,0,0,0,0,0,0,0,0,0,0,0,0,0,0,0,0,0
41.7,256,0,0.78125,0,0,99.21875,0,0,0,0,0,0,0,0,0,0,0,0,0,0,0,0,0,0,0,0,0.5502650229289376,0,0,0.5502650229289376,0,0,0,0,0,0,0,0
41.75,228,0,0.43859649122807015,0,0,99.56140350877193,0,0,0,0,0,0,0,0,0,0,0,0,0,0,0,0,0,0,0,0,0.4376335998553152,0,0,0.4376335998553152,0,0,0,0,0,0,0,0
41.800000000000004,254,0,0,0,0,100,0,0,0,0,0,0,0,0,0,0,0,0,0,0,0,0,0,0,0,0,0,0,0,0,0,0,0,0,0,0,0,0
41.85,232,0,0,0,0,100,0,0,0,0,0,0,0,0,0,0,0,0,0,0,0,0,0,0,0,0,0,0,0,0,0,0,0,0,0,0,0,0
41.900000000000006,240,0,0.8333333333333334,0,0,98.33333333333333,0,0.4166666666666667,0,0,0,0,0,0.4166666666666667,0,0,0,0,0,0,0,0,0,0,0,0,0.5867952826188225,0,0,0.8263597100357509,0,0.41579770499785285,0,0,0,0,0,0.41579770499785285
41.95,230,0,1.3043478260869565,0,0,98.69565217391305,0,0,0,0,0,0,0,0,0,0,0,0,0,0,0,0,0,0,0,0,0.7481381509171484,0,0,0.7481381509171484,0,0,0,0,0,0,0,0
42,217,0,0,0,0,100,0,0,0,0,0,0,0,0,0,0,0,0,0,0,0,0,0,0,0,0,0,0,0,0,0,0,0,0,0,0,0,0
42.050000000000004,246,0,0,0.40650406504065045,0,99.1869918699187,0,0.40650406504065045,0,0,0,0,0,0,0,0,0,0,0,0,0,0,0,0,0,0,0,0.40567699589282596,0,0.5725418676370881,0,0.40567699589282596,0,0,0,0,0,0
42.1,244,0,0.4098360655737705,0,0,99.59016393442623,0,0,0,0,0,0,0,0,0,0,0,0,0,0,0,0,0,0,0,0,0.4089953753232268,0,0,0.4089953753232268,0,0,0,0,0,0,0,0
42.150000000000006,239,0,0.41841004184100417,0.41841004184100417,0,99.16317991631799,0,0,0,0,0,0,0,0,0,0,0,0,0,0,0,0,0,0,0,0,0.4175337894826937,0.4175337894826937,0,0.5892401337420353,0,0,0,0,0,0,0,0
42.2,215,0,0,0,0,100,0,0,0,0,0,0,0,0,0,0,0,0,0,0,0,0,0,0,0,0,0,0,0,0,0,0,0,0,0,0,0,0
42.25,254,0,0.39370078740157477,0,0,99.60629921259843,0,0,0,0,0,0,0,0,0,0,0,0,0,0,0,0,0,0,0,0,0.39601269928308325,0,0,0.559463010956913,0,0.39677055211236983,0,0,0,0,0,0
42.300000000000004,242,0,0,0,0,100,0,0,0,0,0,0,0,0,0,0,0,0,0,0,0,0,0,0,0,0,0,0,0,0,0,0,0,0,0,0,0,0
42.35,260,0,0,0,0,100,0,0,0,0,0,0,0,0,0,0,0,0,0,0,0,0,0,0,0,0,0,0,0,0,0,0,0,0,0,0,0,0
42.400000000000006,227,0,0,0.4405286343612335,0,99.55947136563876,0,0,0,0,0,0,0,0,0,0,0,0,0,0,0,0,0,0,0,0,0,0.4395572359699353,0,0.4395572359699353,0,0,0,0,0,0,0,0
42.45,219,0,0.45662100456621,0,0,99.54337899543378,0,0,0,0,0,0,0,0,0,0,0,0,0,0,0,0,0,0,0,0,0.45557729804814584,0,0,0.45557729804814584,0,0,0,0,0,0,0,0
42.5,252,3.817419948455665E-16,0.7936507936507936,0,0,99.20634920634922,0,0,0,0,0,0,0,0,0,0,0,1.5148491858951051E-16,0,0,0,0,0,0,0,0,0.5589644541855269,0,0,0.5589644541855269,0,0,0,0,0,0,0,0
42.550000000000004,247,0,0.4048582995951417,0,0,99.59514170040485,0,0,0,0,0,0,0,0,0,0,0,0,0,0,0,0,0,0,0,0,0.40403791719268783,0,0,0.40403791719268783,0,0,0,0,0,0,0,0
42.6,250.0466562556103,0.9533437443897128,0,0,0,100,0,0,0,0,0,0,0,0,0,0,0,0.3798182248564593,0,0,0,0,0,0,0,0,0,0,0,0,0,0,0,0,0,0,0,0
42.650000000000006,258,0,0,0,0,100,0,0,0,0,0,0,0,0,0,0,0,0,0,0,0,0,0,0,0,0,0,0,0,0,0,0,0,0,0,0,0,0
42.7,258,0,0.7751937984496124,0,0,99.2248062015504,0,0,0,0,0,0,0,0,0,0,0,0,0,0,0,0,0,0,0,0,0.5460160659383714,0,0,0.5460160659383714,0,0,0,0,0,0,0,0
42.75,252,0,0.3968253968253968,0.3968253968253968,0,99.20634920634922,0,0,0,0,0,0,0,0,0,0,0,0,0,0,0,0,0,0,0,0,0.3960372621907538,0.3960372621907538,0,0.5589644541855269,0,0,0,0,0,0,0,0
42.800000000000004,201.0460840514861,0.9539159485138953,0,0,0,100,0,0,0,0,0,0,0,0,0,0,0,0.4722356180761858,0,0,0,0,0,0,0,0,0,0.003501060542933435,0,0.003501060542933435,0,0,0,0,0,0,0,0
42.85,238,0,0,0,0,100,0,0,0,0,0,0,0,0,0,0,0,0,0,0,0,0,0,0,0,0,0,0,0,0,0,0,0,0,0,0,0,0
42.900000000000006,246,0,0,0,0,98.78048780487805,0,0.8130081300813009,0,0,0,0,0,0.40650406504065045,0,0,0,0,0,0,0,0,0,0,0,0,0,0,0,0.6997793192158591,0,0.5725418676370881,0,0,0,0,0,0.40567699589282596
42.95,247,0,0,0,0,100,0,0,0,0,0,0,0,0,0,0,0,0,0,0,0,0,0,0,0,0,0,0,0,0,0,0,0,0,0,0,0,0
43,268,0,0.3731343283582089,0,0,99.6268656716418,0,0,0,0,0,0,0,0,0,0,0,0,0,0,0,0,0,0,0,0,0.3724375316187795,0,0,0.3724375316187795,0,0,0,0,0,0,0,0
43.050000000000004,252,0,0.3968253968253968,0,0,99.60317460317461,0,0,0,0,0,0,0,0,0,0,0,0,0,0,0,0,0,0,0,0,0.39615380044115456,0.10801609295544289,0,0.4105029974589448,0,0,0,0,0,0,0,0
43.1,237,0,0,0,0,100,0,0,0,0,0,0,0,0,0,0,0,0,0,0,0,0,0,0,0,0,0,0,0,0,0,0,0,0,0,0,0,0
43.150000000000006,246.92964285118796,0.07035714881203603,0,0,0,100,0,0,0,0,0,0,0,0,0,0,0,0.02848467563240325,0,0,0,0,0,0,0,0,0.17295173648633913,0.12374860009892356,0,0.3616483199188811,0.11262390692096831,0.21667440288273568,0,0,0,0,0,0.15809162800214166
43.2,238,0,0,0.42016806722689076,0,98.73949579831933,0,0.42016806722689076,0,0,0,0,0,0.42016806722689076,0,0,0,0,0,0,0,0,0,0,0,0,0,0.41928443203803994,0,0.7231512194846039,0,0.41928443203803994,0,0,0,0,0,0.41928443203803994
43.25,223,0,0,0,0,100,0,0,0,0,0,0,0,0,0,0,0,0,0,0,0,0,0,0,0,0,0,0,0,0,0,0,0,0,0,0,0,0
43.300000000000004,255.04678390780464,0.9532160921953619,0,0,0,100,0,0,0,0,0,0,0,0,0,0,0,0.3723500360138132,0,0,0,0,0,0,0,0,0,0,0,0,0,0,0,0,0,0,0,0
43.35,236,0,0,0.423728813559322,0,99.57627118644068,0,0,0,0,0,0,0,0,0,0,0,0,0,0,0,0,0,0,0,0,0,0.42283013001622954,0,0.42283013001622954,0,0,0,0,0,0,0,0
43.400000000000006,263,0,0,0,0,100,0,0,0,0,0,0,0,0,0,0,0,0,0,0,0,0,0,0,0,0,0,0,0,0,0,0,0,0,0,0,0,0
43.45,260,0,0,0,0,100,0,0,0,0,0,0,0,0,0,0,0,0,0,0,0,0,0,0,0,0,0,0,0,0,0,0,0,0,0,0,0,0
43.5,243,0,0.823045267489712,0,0,99.1769547325103,0,0,0,0,0,0,0,0,0,0,0,0,0,0,0,0,0,0,0,0,0.5795809584463205,0,0,0.5795809584463205,0,0,0,0,0,0,0,0
43.550000000000004,289,0,0,0,0,100,0,0,0,0,0,0,0,0,0,0,0,0,0,0,0,0,0,0,0,0,0,0,0,0,0,0,0,0,0,0,0,0
43.6,233,0,0,0,0,99.57081545064378,0.4291845493562232,0,0,0,0,0,0,0,0,0,0,0,0,0,0,0,0,0,0,0,0,0,0,0.4282625621488143,0.4282625621488143,0,0,0,0,0,0,0
43.650000000000006,245,0,0.40816326530612246,0,0,99.59183673469387,0,0,0,0,0,0,0,0,0,0,0,0,0,0,0,0,0,0,0,0,0.40732942732531735,0,0,0.40732942732531735,0,0,0,0,0,0,0,0
43.7,268,0,0,0,0,100,0,0,0,0,0,0,0,0,0,0,0,0,0,0,0,0,0,0,0,0,0,0,0,0,0,0,0,0,0,0,0,0
43.75,256,0,0.390625,0,0,99.609375,0,0,0,0,0,0,0,0,0,0,0,0,0,0,0,0,0,0,0,0,0.5899268506711335,0,0,0.5899268506711335,0,0,0,0,0,0,0,0
43.800000000000004,232,0,0,0,0,100,0,0,0,0,0,0,0,0,0,0,0,0,0,0,0,0,0,0,0,0,0,0,0,0,0,0,0,0,0,0,0,0
43.85,252,0,0,0,0,100,0,0,0,0,0,0,0,0,0,0,0,0,0,0,0,0,0,0,0,0,0,0,0,0,0,0,0,0,0,0,0,0
43.900000000000006,247,0,0,0,0,100,0,0,0,0,0,0,0,0,0,0,0,0,0,0,0,0,0,0,0,0,0,0,0,0,0,0,0,0,0,0,0,0
43.95,236,0,0,0,0,100,0,0,0,0,0,0,0,0,0,0,0,0,0,0,0,0,0,0,0,0,0,0,0,0,0,0,0,0,0,0,0,0
44,268,0,0.7462686567164178,0,0,99.25373134328358,0,0,0,0,0,0,0,0,0,0,0,0,0,0,0,0,0,0,0,0,0.5257189418638958,0,0,0.5257189418638958,0,0,0,0,0,0,0,0
44.050000000000004,258.04624583991244,0.9537541600875556,0.38752743592339767,0,0,99.6124725640766,0,0,0,0,0,0,0,0,0,0,0,0.3682448494546547,0,0,0,0,0,0,0,0,0.38678138086468444,0,0,0.38678138086468444,0,0,0,0,0,0,0,0
44.1,260,0,0.38461538461538464,0,0,99.61538461538461,0,0,0,0,0,0,0,0,0,0,0,0,0,0,0,0,0,0,0,0,0.3838750270769002,0,0,0.3838750270769002,0,0,0,0,0,0,0,0
44.150000000000006,256.04669208079576,0.9533079192042351,0,0,0,100,0,0,0,0,0,0,0,0,0,0,0,0.3709369335425039,0,0,0,0,0,0,0,0,0,0,0,0,0,0,0,0,0,0,0,0
44.2,255,0,1.1764705882352942,0,0,98.0392156862745,0,0.39215686274509803,0,0,0,0,0,0.39215686274509803,0,0,0,0,0,0,0,0,0,0,0,0,0.6752282860982958,0,0,0.8682498877844071,0,0.39138717238045445,0,0,0,0,0,0.39138717238045445
44.25,233,0,0,0.4291845493562232,0,99.57081545064378,0,0,0,0,0,0,0,0,0,0,0,0,0,0,0,0,0,0,0,0,0,0.4282625621488143,0,0.4282625621488143,0,0,0,0,0,0,0,0
44.300000000000004,253,0,0.3952569169960474,0,0,99.60474308300395,0,0,0,0,0,0,0,0,0,0,0,0,0,0,0,0,0,0,0,0,0.39447500343703196,0,0,0.39447500343703196,0,0,0,0,0,0,0,0
44.35,254,0,0.39370078740157477,0,0,99.60629921259843,0,0,0,0,0,0,0,0,0,0,0,0,0,0,0,0,0,0,0,0,0.39292502154949693,0,0,0.39292502154949693,0,0,0,0,0,0,0,0
44.400000000000006,244,0,1.2295081967213115,0,0,98.77049180327869,0,0,0,0,0,0,0,0,0,0,0,0,0,0,0,0,0,0,0,0,0.7054795173866898,0,0,0.7054795173866898,0,0,0,0,0,0,0,0
44.45,253,0,1.185770750988142,0,0,98.81422924901186,0,0,0,0,0,0,0,0,0,0,0,0,0,0,0,0,0,0,0,0,0.6805340347333814,0,0,0.6805340347333814,0,0,0,0,0,0,0,0
44.5,253,0,0,0,0,100,0,0,0,0,0,0,0,0,0,0,0,0,0,0,0,0,0,0,0,0,0,0,0,0,0,0,0,0,0,0,0,0
44.550000000000004,229,0,0.43668122270742354,0,0,98.68995633187772,0,0.43668122270742354,0,0,0,0,0,0.43668122270742354,0,0,0,0,0,0,0,0,0,0,0,0,0.4357267270902411,0,0,0.7513834471928815,0,0.4357267270902411,0,0,0,0,0,0.4357267270902411
44.6,250,0,0,0,0,100,0,0,0,0,0,0,0,0,0,0,0,0,0,0,0,0,0,0,0,0,0,0,0,0,0,0,0,0,0,0,0,0
44.650000000000006,232,0,0,0,0,100,0,0,0,0,0,0,0,0,0,0,0,0,0,0,0,0,0,0,0,0,0,0,0,0,0,0,0,0,0,0,0,0
44.7,249.47274677024689,0.5272532297531143,0.31208080465261506,0,0,99.68791919534739,0,0,0,0,0,0,0,0,0.08857737779617308,0,0,0.12232391410507261,0,0,0,0,0,0,0,0,0.5446628654431777,0.2593585620241722,0,0.867116016761212,0.2359652636105721,0.45590047099237874,0,0,0,0,0,0.331736363895075
44.75,236,0,0.847457627118644,0,0,99.15254237288136,0,0,0,0,0,0,0,0,0,0,0,0,0,0,0,0,0,0,0,0,0.5966984669976829,0,0,0.5966984669976829,0,0,0,0,0,0,0,0
44.800000000000004,270,0,0.7407407407407408,0,0,99.25925925925925,0,0,0,0,0,0,0,0,0,0,0,0,0,0,0,0,0,0,0,0,0.5218392587373616,0,0,0.5218392587373616,0,0,0,0,0,0,0,0
44.85,235,0,0,0,0,100,0,0,0,0,0,0,0,0,0,0,0,0,0,0,0,0,0,0,0,0,0,0,0,0,0,0,0,0,0,0,0,0
44.900000000000006,228.80815659434302,0.1918434056569822,0,0,0,100,0,0,0,0,0,0,0,0,0,0,0,0.08377441295064726,0,0,0,0,0,0,0,0,0.31152092989308877,0.22265962334222575,0,0.6560794497478651,0.20260417394060257,0.39075477667742575,0,0,0,0,0,0.2846532312148739
44.95,224,0,0,0.4464285714285714,0,99.55357142857143,0,0,0,0,0,0,0,0,0,0,0,0,0,0,0,0,0,0,0,0,0,0.44543096443555463,0,0.44543096443555463,0,0,0,0,0,0,0,0
45,246,0,0,0,0,99.59349593495935,0.40650406504065045,0,0,0,0,0,0,0,0,0,0,0,0,0,0,0,0,0,0,0,0,0,0,0.40567699589282596,0.40567699589282596,0,0,0,0,0,0,0
45.050000000000004,228,0,0,0.43859649122807015,0,99.56140350877193,0,0,0,0,0,0,0,0,0,0,0,0,0,0,0,0,0,0,0,0,0,0.4376335998553152,0,0.4376335998553152,0,0,0,0,0,0,0,0
45.1,219,0,0.45662100456621,0,0,99.54337899543378,0,0,0,0,0,0,0,0,0,0,0,0,0,0,0,0,0,0,0,0,0.45557729804814584,0,0,0.45557729804814584,0,0,0,0,0,0,0,0
45.150000000000006,249,0,0.4016064257028112,0,0,99.59839357429718,0,0,0,0,0,0,0,0,0,0,0,0,0,0,0,0,0,0,0,0,0.4007991757897167,0,0,0.4007991757897167,0,0,0,0,0,0,0,0
45.2,253,0,0,0,0,100,0,0,0,0,0,0,0,0,0,0,0,0,0,0,0,0,0,0,0,0,0,0,0,0,0,0,0,0,0,0,0,0
45.25,224,0,0.4464285714285714,0,0,99.10714285714286,0,0.4464285714285714,0,0,0,0,0,0,0,0,0,0,0,0,0,0,0,0,0,0,0.44543096443555463,0,0,0.6285205148095352,0,0.44543096443555463,0,0,0,0,0,0
45.300000000000004,259,0,0.3861003861003861,0,0,99.61389961389962,0,0,0,0,0,0,0,0,0,0,0,0,0,0,0,0,0,0,0,0,0.3853542977006209,0,0,0.3853542977006209,0,0,0,0,0,0,0,0
45.35,248,0,0.4032258064516129,0,0,99.19354838709677,0,0.4032258064516129,0,0,0,0,0,0,0,0,0,0,0,0,0,0,0,0,0,0,0.4024120300289081,0,0,0.5679433648444536,0,0.4024120300289081,0,0,0,0,0,0
45.400000000000006,259,0,0.7722007722007722,0,0,99.22779922779922,0,0,0,0,0,0,0,0,0,0,0,0,0,0,0,0,0,0,0,0,0.543916098981838,0,0,0.543916098981838,0,0,0,0,0,0,0,0
45.45,246,0,0.40650406504065045,0,0,99.59349593495935,0,0,0,0,0,0,0,0,0,0,0,0,0,0,0,0,0,0,0,0,0.40567699589282596,0,0,0.40567699589282596,0,0,0,0,0,0,0,0
45.5,252,0,0.3968253968253968,0,0,99.20634920634922,0,0.3968253968253968,0,0,0,0,0,0,0,0,0,0,0,0,0,0,0,0,0,0,0.3960372621907538,0,0,0.5589644541855269,0,0.3960372621907538,0,0,0,0,0,0
45.550000000000004,238,0,0,0,0,100,0,0,0,0,0,0,0,0,0,0,0,0,0,0,0,0,0,0,0,0,0,0,0,0,0,0,0,0,0,0,0,0
45.6,272.9869158473948,0.013084152605188137,0,0,0,99.63368207707104,0,0.36631792292895826,0,0,0,0,0,0,0,0,0,0.004792729892010307,0,0,0,0,0,0,0,0,0,0,0,0.3656464276848188,0,0.3656464276848188,0,0,0,0,0,0
45.650000000000006,238,0,0.8403361344537815,0,0,99.15966386554622,0,0,0,0,0,0,0,0,0,0,0,0,0,0,0,0,0,0,0,0,0.5917054422290579,0,0,0.5917054422290579,0,0,0,0,0,0,0,0
45.7,249,0,0,0.4016064257028112,0,99.19678714859438,0,0.4016064257028112,0,0,0,0,0,0,0,0,0,0,0,0,0,0,0,0,0,0,0,0.4007991757897167,0,0.5656717024240204,0,0.4007991757897167,0,0,0,0,0,0
45.75,250,0,0,0,0,100,0,0,0,0,0,0,0,0,0,0,0,0,0,0,0,0,0,0,0,0,0,0.3985023164701576,0,0.3985023164701576,0,0,0,0,0,0,0,0
45.800000000000004,248,0,0.4032258064516129,0,0,99.59677419354838,0,0,0,0,0,0,0,0,0,0,0,0,0,0,0,0,0,0,0,0,0.4024120300289081,0,0,0.4024120300289081,0,0,0,0,0,0,0,0
45.85,258.04599202470854,0.9540079752914608,0.38752781709713496,0,0,99.22494436580574,0,0.38752781709713496,0,0,0,0,0,0,0,0,0,0.3683428476028806,0,0,0,0,0,0,0,0,0.38678176205554216,0,0,0.5459348933591066,0,0.38678176205554216,0,0,0,0,0,0
45.900000000000006,243,0,0.411522633744856,0,0,99.58847736625515,0,0,0,0,0,0,0,0,0,0,0,0,0,0,0,0,0,0,0,0,0.4106750064108361,0,0,0.4106750064108361,0,0,0,0,0,0,0,0
45.95,244,0,0,0,0,100,0,0,0,0,0,0,0,0,0,0,0,0,0,0,0,0,0,0,0,0,0,0,0,0,0,0,0,0,0,0,0,0
46,250,0,0.4,0,0,99.6,0,0,0,0,0,0,0,0,0,0,0,0,0,0,0,0,0,0,0,0,0.3991991983959888,0,0,0.3991991983959888,0,0,0,0,0,0,0,0
46.050000000000004,262,0,0,0,0,100,0,0,0,0,0,0,0,0,0,0,0,0,0,0,0,0,0,0,0,0,0,0,0,0,0,0,0,0,0,0,0,0
46.1,243,0,0.823045267489712,0,0,97.94238683127571,0,0.411522633744856,0,0,0,0,0,0.823045267489712,0,0,0,0,0,0,0,0,0,0,0,0,0.5795809584463205,0,0,0.9106763753263013,0,0.4106750064108361,0,0,0,0,0,0.5795809584463205
46.150000000000006,226,0,0.4424778761061947,0,0,99.5575221238938,0,0,0,0,0,0,0,0,0,0,0,0,0,0,0,0,0,0,0,0,0.44149785745867653,0,0,0.44149785745867653,0,0,0,0,0,0,0,0
46.2,242,0,0.4132231404958678,0,0,99.58677685950413,0,0,0,0,0,0,0,0,0,0,0,0,0,0,0,0,0,0,0,0,0.4123684898591312,0,0,0.4123684898591312,0,0,0,0,0,0,0,0
46.25,235,0,0.425531914893617,0,0,99.57446808510639,0,0,0,0,0,0,0,0,0,0,0,0,0,0,0,0,0,0,0,0,0.4259090420021421,0.3604156288331743,0,0.5569491992460367,0,0,0,0,0,0,0,0
46.300000000000004,261,0,0,0,0,99.23371647509579,0,0.38314176245210724,0,0,0,0,0,0.38314176245210724,0,0,0,0,0,0,0,0,0,0,0,0,0,0,0,0.5397642526760921,0,0.38240706999766433,0,0,0,0,0,0.38240706999766433
46.35,263,0,0.38022813688212925,0,0,99.61977186311786,0,0,0,0,0,0,0,0,0,0,0,0,0,0,0,0,0,0,0,0,0.37950458125618686,0,0,0.37950458125618686,0,0,0,0,0,0,0,0
46.400000000000006,263,0,0.38022813688212925,0,0,99.61977186311786,0,0,0,0,0,0,0,0,0,0,0,0,0,0,0,0,0,0,0,0,0.37950458125618686,0,0,0.37950458125618686,0,0,0,0,0,0,0,0
46.45,264,0,0.7575757575757576,0,0,99.24242424242425,0,0,0,0,0,0,0,0,0,0,0,0,0,0,0,0,0,0,0,0,0.5336539805375724,0,0,0.5336539805375724,0,0,0,0,0,0,0,0
46.5,242,0,0,0,0,99.58677685950413,0,0.4132231404958678,0,0,0,0,0,0,0,0,0,0,0,0,0,0,0,0,0,0,0,0,0,0.4123684898591312,0,0.4123684898591312,0,0,0,0,0,0
46.550000000000004,250,0,0.8,0,0,99.2,0,0,0,0,0,0,0,0,0,0,0,0,0,0,0,0,0,0,0,0,0.5634181395730883,0,0,0.5634181395730883,0,0,0,0,0,0,0,0
46.6,230.38628556556068,1.6137144344393164,0.1398732780442582,0,0,99.86012672195574,0,0,0,0,0,0,0,0,0.292134116472002,0,0,0.4034324500966689,0,0,0,0,0,0,0,0,0.8572358614089097,0.5160767027617603,0,1.655026825977507,0.4690224745823891,0.9186782874417616,0,0,0,0,0,0.6626935956284705
46.650000000000006,229,0,0,0,0,99.12663755458514,0,0.43668122270742354,0,0,0,0,0,0.43668122270742354,0,0,0,0,0,0,0,0,0,0,0,0,0,0,0,0.614857822811577,0,0.4357267270902411,0,0,0,0,0,0.4357267270902411
46.7,234,0,0.4273504273504274,0,0,99.57264957264957,0,0,0,0,0,0,0,0,0,0,0,0,0,0,0,0,0,0,0,0,0.426436307742495,0,0,0.426436307742495,0,0,0,0,0,0,0,0
46.75,259.98427132038705,0.015728679612948326,1.1539159599016675,0.3785887951560355,0,98.4674952449423,0,0,0,0,0,0,0,0,0,0.0060494921588262794,0,0,0,0,0,0,0,0,0,0,0.6623592318966312,0.38689459786451164,0,0.7648133886561569,0,0,0,0,0,0,0,0
46.800000000000004,222,0,0.45045045045045046,0,0,99.54954954954955,0,0,0,0,0,0,0,0,0,0,0,0,0,0,0,0,0,0,0,0,0.44943477734192705,0,0,0.44943477734192705,0,0,0,0,0,0,0,0
46.85,230,0,0,0,0,99.56521739130434,0,0.43478260869565216,0,0,0,0,0,0,0,0,0,0,0,0,0,0,0,0,0,0,0,0,0,0.4338363995029193,0,0.4338363995029193,0,0,0,0,0,0
46.900000000000006,241,0,0.8298755186721992,0,0,99.1701244813278,0,0,0,0,0,0,0,0,0,0,0,0,0,0,0,0,0,0,0,0,0.5843706352826227,0,0,0.5843706352826227,0,0,0,0,0,0,0,0
46.95,214,0,0.46728971962616817,0,0,99.53271028037383,0,0,0,0,0,0,0,0,0,0,0,0,0,0,0,0,0,0,0,0,0.46619664276160266,0,0,0.46619664276160266,0,0,0,0,0,0,0,0
47,237,0,0,0,0,100,0,0,0,0,0,0,0,0,0,0,0,0,0,0,0,0,0,0,0,0,0,0,0,0,0,0,0,0,0,0,0,0
47.050000000000004,239,0,0.41841004184100417,0,0,99.581589958159,0,0,0,0,0,0,0,0,0,0,0,0,0,0,0,0,0,0,0,0,0.4175337894826937,0,0,0.4175337894826937,0,0,0,0,0,0,0,0
47.1,247,0,0,0,0,100,0,0,0,0,0,0,0,0,0,0,0,0,0,0,0,0,0,0,0,0,0,0,0,0,0,0,0,0,0,0,0,0
47.150000000000006,239,0,0,0,0,100,0,0,0,0,0,0,0,0,0,0,0,0,0,0,0,0,0,0,0,0,0,0,0,0,0,0,0,0,0,0,0,0
47.2,228,0,0.43859649122807015,0.43859649122807015,0,98.68421052631578,0,0.43859649122807015,0,0,0,0,0,0,0,0,0,0,0,0,0,0,0,0,0,0,0.4376335998553152,0.4376335998553152,0,0.7546570193110584,0,0.4376335998553152,0,0,0,0,0,0
47.25,247,0,1.214574898785425,0,0,98.78542510121457,0,0,0,0,0,0,0,0,0,0,0,0,0,0,0,0,0,0,0,0,0.6969636219044939,0,0,0.6969636219044939,0,0,0,0,0,0,0,0
47.300000000000004,228,0,0,0.43859649122807015,0,99.56140350877193,0,0,0,0,0,0,0,0,0,0,0,0,0,0,0,0,0,0,0,0,0,0.44442464114254254,0,0.739735695561719,0,0.5940217804821607,0,0,0,0,0,0
47.35,254.04669068241492,0.9533093175850809,0,0,0,99.60637157000006,0,0.39362842999994246,0,0,0,0,0,0,0,0,0,0.3738467912098356,0,0,0,0,0,0,0,0,0,0,0,0.39285877509235556,0,0.39285877509235556,0,0,0,0,0,0
47.400000000000006,241.0466797617264,0.9533202382735908,0,0,0,100,0,0,0,0,0,0,0,0,0,0,0,0.39393398275768216,0,0,0,0,0,0,0,0,0,0,0,0,0,0,0,0,0,0,0,0
47.45,250.9460963554302,0.053903644569800235,0,0,0,100,0,0,0,0,0,0,0,0,0,0,0,0.021475555605498103,0,0,0,0,0,0,0,0,0.148760813568567,0.10645390549935496,0,0.31078330961734063,0.09688628615615222,0.1863391900599484,0,0,0,0,0,0.13598528091631978
47.5,224.92120717285434,0.07879282714566216,0,0,0,100,0,0,0,0,0,0,0,0,0,0,0,0.03501903428696096,0,0,0,0,0,0,0,0,0.2011881438702675,0.1439341400081205,0,0.4210464734683391,0.1309918787580037,0.25208540026652776,0,0,0,0,0,0.18389426339697118
47.550000000000004,247,0,1.214574898785425,0,0,98.78542510121457,0,0,0,0,0,0,0,0,0,0,0,0,0,0,0,0,0,0,0,0,0.6969636219044939,0,0,0.6969636219044939,0,0,0,0,0,0,0,0
47.6,245.0465535079129,0.953446492087096,0,0,0,100,0,0,0,0,0,0,0,0,0,0,0,0.38757987483215284,0,0,0,0,0,0,0,0,0,0,0,0,0,0,0,0,0,0,0,0
47.650000000000006,232,0,0.43103448275862066,0,0,99.56896551724138,0,0,0,0,0,0,0,0,0,0,0,0,0,0,0,0,0,0,0,0,0.4301045259411542,0,0,0.4301045259411542,0,0,0,0,0,0,0,0
47.7,247,0,0,0,0,100,0,0,0,0,0,0,0,0,0,0,0,0,0,0,0,0,0,0,0,0,0,0,0,0,0,0,0,0,0,0,0,0
47.75,269,0,0.7434944237918215,0,0,99.25650557620817,0,0,0,0,0,0,0,0,0,0,0,0,0,0,0,0,0,0,0,0,0.5237719161546508,0,0,0.5237719161546508,0,0,0,0,0,0,0,0
47.800000000000004,221,0,0,0,0,100,0,0,0,0,0,0,0,0,0,0,0,0,0,0,0,0,0,0,0,0,0,0,0,0,0,0,0,0,0,0,0,0
47.85,265,0,0.37735849056603776,0,0,99.24528301886792,0.37735849056603776,0,0,0,0,0,0,0,0,0,0,0,0,0,0,0,0,0,0,0,0.3766458204482531,0,0,0.5316478490880915,0.3766458204482531,0,0,0,0,0,0,0
47.900000000000006,232,0,1.293103448275862,0,0,98.70689655172413,0,0,0,0,0,0,0,0,0,0,0,0,0,0,0,0,0,0,0,0,0.7417309331244282,0,0,0.7417309331244282,0,0,0,0,0,0,0,0
47.95,235,0,0,0,0,100,0,0,0,0,0,0,0,0,0,0,0,0,0,0,0,0,0,0,0,0,0,0,0,0,0,0,0,0,0,0,0,0
48,244,0,0,0,0,99.18032786885246,0,0.4098360655737705,0,0,0,0,0,0.4098360655737705,0,0,0,0,0,0,0,0,0,0,0,0,0.1576027290510117,0,0,0.5983425147681306,0,0.40924316327163157,0,0,0,0,0,0.40924316327163157
48.050000000000004,254,0,1.574803149606299,0,0,98.4251968503937,0,0,0,0,0,0,0,0,0,0,0,0,0,0,0,0,0,0,0,0,0.7811769587918751,0,0,0.7811769587918751,0,0,0,0,0,0,0,0
48.1,243.80417230530293,0.19582769469707273,0,0.364552269606729,0,99.63544773039327,0,0,0,0,0,0,0,0,0,0.0455763756004582,0,0.034680876324571605,0,0,0,0,0,0,0,0,0.36906724130644425,0.4345481193070521,0,0.6567285328841833,0.12546876123137066,0.24145434096943327,0,0,0,0,0,0.17614000711211988
48.150000000000006,233,0,0.4291845493562232,0,0,99.57081545064378,0,0,0,0,0,0,0,0,0,0,0,0,0,0,0,0,0,0,0,0,0.4665327863059402,0,0,0.4665327863059402,0,0,0,0,0,0,0,0
48.2,212,0,0.4716981132075472,0,0,99.52830188679245,0,0,0,0,0,0,0,0,0,0,0,0,0,0,0,0,0,0,0,0,0.47058430264913176,0,0,0.47058430264913176,0,0,0,0,0,0,0,0
48.25,255,0,0.7843137254901961,0,0,98.82352941176471,0,0.39215686274509803,0,0,0,0,0,0,0,0,0,0,0,0,0,0,0,0,0,0,0.552414395920051,0,0,0.6752282860982958,0,0.39138717238045445,0,0,0,0,0,0
48.300000000000004,232,0,0.43103448275862066,0,0,99.56896551724138,0,0,0,0,0,0,0,0,0,0,0,0,0,0,0,0,0,0,0,0,0.4301045259411542,0,0,0.4301045259411542,0,0,0,0,0,0,0,0
48.35,229,0,0,0,0,99.56331877729258,0,0.43668122270742354,0,0,0,0,0,0,0,0,0,0,0,0,0,0,0,0,0,0,0,0,0,0.4357267270902411,0,0.4357267270902411,0,0,0,0,0,0
48.400000000000006,237,0,0,0.42194092827004215,0,99.57805907172997,0,0,0,0,0,0,0,0,0,0,0,0,0,0,0,0,0,0,0,0,0,0.42104981655038043,0,0.42104981655038043,0,0,0,0,0,0,0,0
48.45,251,0,0.398406374501992,0.398406374501992,0,99.20318725099602,0,0,0,0,0,0,0,0,0,0,0,0,0,0,0,0,0,0,0,0,0.40521490044206804,0.40521490044206804,0,0.7654960950468461,0,0.5130569343038216,0,0,0,0,0,0
48.5,214,0,0,0.46728971962616817,0,99.53271028037383,0,0,0,0,0,0,0,0,0,0,0,0,0,0,0,0,0,0,0,0,0,0.46619664276160266,0,0.46619664276160266,0,0,0,0,0,0,0,0
48.550000000000004,227.0466846227646,0.9533153772354126,0,0,0,100,0,0,0,0,0,0,0,0,0,0,0,0.4181207794892161,0,0,0,0,0,0,0,0,0,0,0,0.6575507256241979,0.6575507256241979,0,0,0,0,0,0,0
48.6,229,0,0.43668122270742354,0,0,99.12663755458514,0.43668122270742354,0,0,0,0,0,0,0,0,0,0,0,0,0,0,0,0,0,0,0,0.4357267270902411,0,0,0.614857822811577,0.4357267270902411,0,0,0,0,0,0,0
48.650000000000006,218,0,0.45871559633027525,0.45871559633027525,0,98.62385321100918,0.45871559633027525,0,0,0,0,0,0,0,0,0,0,0,0,0,0,0,0,0,0,0,0.45766228702675915,0.45766228702675915,0,0.7890329085654368,0.45766228702675915,0,0,0,0,0,0,0
48.7,165,0,0,0.6060606060606061,0,99.39393939393939,0,0,0,0,0,0,0,0,0,0,0,0,0,0,0,0,0,0,0,0,0,0.6042212676577612,0,0.6042212676577612,0,0,0,0,0,0,0,0
48.75,227.0768972034566,0.9231027965433896,0.7006970000044349,0.31178130262628434,0,98.98752169736929,0,0,0,0,0,0,0,0,0.1793328919264145,0.1280774964630326,0,0.09745925921730272,0,0,0,0,0,0,0,0,0.7111425286854214,0.5054049181368451,0,1.0402492134784918,0.21955095176614045,0.4237033174624313,0,0,0,0,0,0.30853251431623335
48.800000000000004,238,0,0,0,0,99.57983193277312,0,0.42016806722689076,0,0,0,0,0,0,0,0,0,0,0,0,0,0,0,0,0,0,0,0,0,0.41928443203803994,0,0.41928443203803994,0,0,0,0,0,0
48.85,214.68157950177556,0.31842049822444096,0,0,0,100,0,0,0,0,0,0,0,0,0,0,0,0.14810255731369348,0,0,0,0,0,0,0,0,0.43317903010089925,0.3092226436129133,0,0.9199835351462906,0.28130562786096375,0.5441505904212166,0,0,0,0,0,0.39565032861727506
48.900000000000006,222,0,0,0,0,99.54954954954955,0,0.45045045045045046,0,0,0,0,0,0,0,0,0,0,0,0,0,0,0,0,0,0,0,0.05650200742521802,0,0.45297243188899255,0,0.4494666931608936,0,0,0,0,0,0
48.95,227,0,0.4405286343612335,0,0,99.55947136563876,0,0,0,0,0,0,0,0,0,0,0,0,0,0,0,0,0,0,0,0,0.4395572359699353,0,0,0.4395572359699353,0,0,0,0,0,0,0,0
49,218,0,0.45871559633027525,0,0,99.54128440366972,0,0,0,0,0,0,0,0,0,0,0,0,0,0,0,0,0,0,0,0,0.45766228702675915,0,0,0.45766228702675915,0,0,0,0,0,0,0,0
49.050000000000004,239,0,0,0,0,99.581589958159,0,0.41841004184100417,0,0,0,0,0,0,0,0,0,0,0,0,0,0,0,0,0,0,0,0,0,0.4175337894826937,0,0.4175337894826937,0,0,0,0,0,0
49.1,219,0,0.45662100456621,0,0,99.54337899543378,0,0,0,0,0,0,0,0,0,0,0,0,0,0,0,0,0,0,0,0,0.45557729804814584,0,0,0.45557729804814584,0,0,0,0,0,0,0,0
49.150000000000006,231,0,0.4329004329004329,0,0,99.56709956709958,0,0,0,0,0,0,0,0,0,0,0,0,0,0,0,0,0,0,0,0,0.43196240269112807,0,0,0.43196240269112807,0,0,0,0,0,0,0,0
49.2,214,3.817419948455665E-16,0.46728971962616817,0.46728971962616817,0,99.06542056074767,0,0,0,0,0,0,0,0,0,0,0,1.783841097409189E-16,0,0,0,0,0,0,0,0,0.46619664276160266,0.46619664276160266,0,0.6577521377784732,0,0,0,0,0,0,0,0
49.25,238,0,1.2605042016806722,0,0,97.89915966386555,0,0.42016806722689076,0,0,0,0,0,0.42016806722689076,0,0,0,0,0,0,0,0,0,0,0,0,0.7231512194846039,0,0,0.9296030224740687,0,0.41928443203803994,0,0,0,0,0,0.41928443203803994
49.300000000000004,207,0,0.4830917874396135,0,0,99.51690821256038,0,0,0,0,0,0,0,0,0,0,0,0,0,0,0,0,0,0,0,0,0.4819234863642938,0,0,0.4819234863642938,0,0,0,0,0,0,0,0
49.35,217,0,0,0,0,100,0,0,0,0,0,0,0,0,0,0,0,0,0,0,0,0,0,0,0,0,0.06302917010976564,0,0,0.06302917010976564,0,0,0,0,0,0,0,0
49.400000000000006,222,0,0.45045045045045046,0,0,99.54954954954955,0,0,0,0,0,0,0,0,0,0,0,0,0,0,0,0,0,0,0,0,0.4610380813227184,0,0,0.784703700990535,0,0.6380111364119786,0,0,0,0,0,0
49.45,251,0,0.398406374501992,0,0,99.60159362549801,0,0,0,0,0,0,0,0,0,0,0,0,0,0,0,0,0,0,0,0,0.3976119442508959,0,0,0.3976119442508959,0,0,0,0,0,0,0,0
49.5,258,0,0.7751937984496124,0,0,99.2248062015504,0,0,0,0,0,0,0,0,0,0,0,0,0,0,0,0,0,0,0,0,0.5460160659383714,0,0,0.5460160659383714,0,0,0,0,0,0,0,0
49.550000000000004,219,0,0,0,0,100,0,0,0,0,0,0,0,0,0,0,0,0,0,0,0,0,0,0,0,0,0,0,0,0.5905422814386245,0,0.5905422814386245,0,0,0,0,0,0
49.6,236,0,0,0,0,99.57627118644068,0.423728813559322,0,0,0,0,0,0,0,0,0,0,0,0,0,0,0,0,0,0,0,0,0,0,0.42283013001622954,0.42283013001622954,0,0,0,0,0,0,0
49.650000000000006,209,0,0,0,0,100,0,0,0,0,0,0,0,0,0,0,0,0,0,0,0,0,0,0,0,0,0,0,0,0,0,0,0,0,0,0,0,0
49.7,204,0,0,0,0,100,0,0,0,0,0,0,0,0,0,0,0,0,0,0,0,0,0,0,0,0,0,0,0,0,0,0,0,0,0,0,0,0
49.75,249,0,0,0,0,100,0,0,0,0,0,0,0,0,0,0,0,0,0,0,0,0,0,0,0,0,0,0,0,0,0,0,0,0,0,0,0,0
49.800000000000004,238,0,0,0,0,100,0,0,0,0,0,0,0,0,0,0,0,0,0,0,0,0,0,0,0,0,0,0,0,0,0,0,0,0,0,0,0,0
49.85,243,0,0.823045267489712,0,0,98.35390946502058,0,0.411522633744856,0,0,0,0,0,0.411522633744856,0,0,0,0,0,0,0,0,0,0,0,0,0.584160289775327,0,0,0.9436760505259989,0,0.5291891661571148,0,0,0,0,0,0.5291891661571148
49.900000000000006,247,0,0.4048582995951417,0,0,98.78542510121457,0,0.4048582995951417,0,0,0,0,0,0.4048582995951417,0,0,0,0,0,0,0,0,0,0,0,0,0.40403791719268783,0,0,0.6969636219044939,0,0.40403791719268783,0,0,0,0,0,0.40403791719268783
49.95,239,0,0.8368200836820083,0,0,97.90794979079497,0,0.41841004184100417,0,0,0,0,0,0.8368200836820083,0,0,0,0,0,0,0,0,0,0,0,0,0.5892790770138463,0.05248241170079505,0,0.9272408229608348,0,0.41756132634027915,0,0,0,0,0,0.5892790770138463
50,0,0,NaN,NaN,NaN,NaN,NaN,NaN,NaN,NaN,NaN,NaN,NaN,NaN,NaN,NaN,NaN,NaN,NaN,NaN,NaN,NaN,NaN,NaN,NaN,NaN,0,0,0,0,0,0,0,0,0,0,0,0

